iso,alert__year,alert__week,alert__count,confidence__cat
AFG,2012,41,1,h
AFG,2012,42,1,h
AFG,2013,43,1,h
AFG,2015,41,1,h
AFG,2015,43,1,h
AFG,2016,40,1,h
AFG,2017,40,1,h
AFG,2017,41,1,h
AFG,2017,42,5,h
AFG,2017,43,2,h
AFG,2018,42,1,h
AFG,2019,41,1,h
AFG,2019,42,2,h
AFG,2020,41,48,h
AFG,2020,42,2,h
AFG,2020,43,1,h
AFG,2020,44,1,h
AFG,2021,40,1,h
AFG,2023,41,1,h
AGO,2012,41,566,h
AGO,2012,42,301,h
AGO,2012,43,199,h
AGO,2012,44,92,h
AGO,2013,41,2306,h
AGO,2013,42,821,h
AGO,2013,43,144,h
AGO,2013,44,616,h
AGO,2014,41,742,h
AGO,2014,42,652,h
AGO,2014,43,1278,h
AGO,2014,44,239,h
AGO,2015,41,1168,h
AGO,2015,42,825,h
AGO,2015,43,831,h
AGO,2015,44,502,h
AGO,2016,40,1322,h
AGO,2016,41,2771,h
AGO,2016,42,1095,h
AGO,2016,43,324,h
AGO,2017,40,1105,h
AGO,2017,41,956,h
AGO,2017,42,1698,h
AGO,2017,43,174,h
AGO,2018,41,4066,h
AGO,2018,42,1593,h
AGO,2018,43,422,h
AGO,2018,44,752,h
AGO,2019,41,443,h
AGO,2019,42,1539,h
AGO,2019,43,562,h
AGO,2019,44,163,h
AGO,2020,41,3953,h
AGO,2020,42,899,h
AGO,2020,43,1930,h
AGO,2020,44,573,h
AGO,2021,40,1135,h
AGO,2021,41,2549,h
AGO,2021,42,395,h
AGO,2021,43,82,h
AGO,2022,40,4196,h
AGO,2022,41,1664,h
AGO,2022,42,280,h
AGO,2022,43,101,h
AGO,2023,40,2237,h
AGO,2023,41,477,h
AGO,2023,42,1430,h
AGO,2023,43,363,h
AGO,2024,41,5220,h
AGO,2024,42,399,h
AGO,2024,43,784,h
AGO,2024,44,663,h
ALB,2013,44,2,h
ALB,2014,42,1,h
ALB,2016,43,1,h
ALB,2017,40,1,h
ALB,2017,41,4,h
ALB,2017,42,2,h
ALB,2018,41,1,h
ALB,2018,42,2,h
ALB,2018,43,4,h
ALB,2019,43,3,h
ALB,2019,44,8,h
ALB,2021,40,1,h
ALB,2022,40,5,h
ALB,2023,40,3,h
ALB,2023,41,3,h
ALB,2024,43,1,h
ARE,2012,41,1,h
ARE,2012,42,1,h
ARE,2013,41,2,h
ARE,2013,42,6,h
ARE,2013,43,2,h
ARE,2013,44,4,h
ARE,2014,41,2,h
ARE,2014,42,1,h
ARE,2014,43,5,h
ARE,2015,41,4,h
ARE,2015,42,7,h
ARE,2015,43,5,h
ARE,2015,44,3,h
ARE,2016,41,3,h
ARE,2016,43,3,h
ARE,2017,40,3,h
ARE,2017,41,1,h
ARE,2017,42,13,h
ARE,2017,43,5,h
ARE,2018,41,3,h
ARE,2018,42,6,h
ARE,2018,43,1,h
ARE,2019,41,2,h
ARE,2019,42,1,h
ARE,2019,43,2,h
ARE,2019,44,9,h
ARE,2020,41,2,h
ARE,2020,43,1,h
ARE,2020,44,5,h
ARE,2021,41,1,h
ARE,2021,42,4,h
ARE,2021,43,4,h
ARE,2022,40,1,h
ARE,2022,41,3,h
ARE,2022,42,3,h
ARE,2022,43,3,h
ARE,2023,40,9,h
ARE,2023,42,1,h
ARE,2023,43,5,h
ARE,2024,41,3,h
ARE,2024,42,5,h
ARE,2024,43,1,h
ARE,2024,44,3,h
ARG,2012,41,531,h
ARG,2012,42,568,h
ARG,2012,43,530,h
ARG,2012,44,149,h
ARG,2013,41,822,h
ARG,2013,42,351,h
ARG,2013,43,526,h
ARG,2013,44,226,h
ARG,2014,41,417,h
ARG,2014,42,897,h
ARG,2014,43,758,h
ARG,2014,44,212,h
ARG,2015,41,360,h
ARG,2015,42,329,h
ARG,2015,43,391,h
ARG,2015,44,106,h
ARG,2016,40,167,h
ARG,2016,41,72,h
ARG,2016,42,29,h
ARG,2016,43,419,h
ARG,2017,40,944,h
ARG,2017,41,45,h
ARG,2017,42,838,h
ARG,2017,43,199,h
ARG,2018,41,469,h
ARG,2018,42,181,h
ARG,2018,43,17,h
ARG,2018,44,48,h
ARG,2019,41,1024,h
ARG,2019,42,20,h
ARG,2019,43,300,h
ARG,2019,44,584,h
ARG,2020,41,1414,h
ARG,2020,42,529,h
ARG,2020,43,647,h
ARG,2020,44,493,h
ARG,2021,40,364,h
ARG,2021,41,383,h
ARG,2021,42,572,h
ARG,2021,43,1277,h
ARG,2022,40,930,h
ARG,2022,41,504,h
ARG,2022,42,117,h
ARG,2022,43,748,h
ARG,2023,40,795,h
ARG,2023,41,543,h
ARG,2023,42,280,h
ARG,2023,43,160,h
ARG,2024,41,34,h
ARG,2024,42,97,h
ARG,2024,43,205,h
ARG,2024,44,179,h
ARM,2012,41,3,h
ARM,2012,42,1,h
ARM,2012,44,1,h
ARM,2013,41,3,h
ARM,2013,42,4,h
ARM,2013,43,8,h
ARM,2013,44,5,h
ARM,2016,40,15,h
ARM,2016,41,1,h
ARM,2017,40,1,h
ARM,2017,41,1,h
ARM,2017,42,1,h
ARM,2017,43,1,h
ARM,2018,41,4,h
ARM,2018,42,13,h
ARM,2018,44,3,h
ARM,2019,41,3,h
ARM,2019,42,12,h
ARM,2019,44,1,h
ARM,2020,44,4,h
ARM,2022,40,11,h
ARM,2022,42,1,h
ARM,2023,40,2,h
ATA,2014,41,1,h
AUS,2012,41,8877,h
AUS,2012,42,16246,h
AUS,2012,43,21087,h
AUS,2012,44,9739,h
AUS,2013,41,3912,h
AUS,2013,42,2424,h
AUS,2013,43,3727,h
AUS,2013,44,3154,h
AUS,2014,41,3741,h
AUS,2014,42,7873,h
AUS,2014,43,8081,h
AUS,2014,44,8216,h
AUS,2015,41,2654,h
AUS,2015,42,3523,h
AUS,2015,43,4396,h
AUS,2015,44,4603,h
AUS,2016,40,2092,h
AUS,2016,41,2801,h
AUS,2016,42,1481,h
AUS,2016,43,1289,h
AUS,2017,40,2725,h
AUS,2017,41,1480,h
AUS,2017,42,3230,h
AUS,2017,43,4893,h
AUS,2018,41,11584,h
AUS,2018,42,8801,h
AUS,2018,43,6574,h
AUS,2018,44,4630,h
AUS,2019,41,3618,h
AUS,2019,42,4078,h
AUS,2019,43,4437,h
AUS,2019,44,2079,h
AUS,2020,41,1258,h
AUS,2020,42,903,h
AUS,2020,43,1112,h
AUS,2020,44,1841,h
AUS,2021,40,1664,h
AUS,2021,41,1842,h
AUS,2021,42,5300,h
AUS,2021,43,2872,h
AUS,2022,40,627,h
AUS,2022,41,1004,h
AUS,2022,42,1940,h
AUS,2022,43,2059,h
AUS,2023,40,11367,h
AUS,2023,41,12006,h
AUS,2023,42,17925,h
AUS,2023,43,17638,h
AUS,2024,41,6522,h
AUS,2024,42,2491,h
AUS,2024,43,6176,h
AUS,2024,44,4852,h
AUT,2013,42,2,h
AUT,2013,43,1,h
AUT,2015,43,1,h
AUT,2015,44,1,h
AUT,2017,40,2,h
AUT,2017,42,1,h
AUT,2018,41,4,h
AUT,2018,42,1,h
AUT,2018,43,2,h
AUT,2020,44,2,h
AUT,2021,43,1,h
AUT,2022,40,2,h
AUT,2022,42,1,h
AUT,2023,41,1,h
AZE,2012,41,1,h
AZE,2012,42,3,h
AZE,2012,44,6,h
AZE,2013,41,2,h
AZE,2013,42,4,h
AZE,2013,43,2,h
AZE,2015,42,2,h
AZE,2016,40,3,h
AZE,2017,40,2,h
AZE,2017,41,1,h
AZE,2017,42,1,h
AZE,2017,43,1,h
AZE,2018,42,7,h
AZE,2018,44,1,h
AZE,2019,41,16,h
AZE,2019,42,4,h
AZE,2019,43,6,h
AZE,2019,44,3,h
AZE,2020,43,2,h
AZE,2020,44,12,h
AZE,2021,41,4,h
AZE,2022,40,24,h
AZE,2022,42,1,h
AZE,2024,42,1,h
AZE,2024,44,1,h
BDI,2013,42,1,h
BDI,2013,43,5,h
BDI,2014,41,1,h
BDI,2015,41,4,h
BDI,2016,40,1,h
BDI,2016,41,6,h
BDI,2016,42,2,h
BDI,2016,43,7,h
BDI,2017,40,9,h
BDI,2018,43,2,h
BDI,2021,40,1,h
BDI,2021,41,1,h
BDI,2022,40,1,h
BDI,2022,41,12,h
BDI,2022,42,1,h
BDI,2022,43,4,h
BDI,2023,40,1,h
BDI,2024,43,1,h
BEL,2015,41,1,h
BEL,2017,41,1,h
BEL,2018,41,3,h
BEL,2018,44,1,h
BEL,2019,42,1,h
BEL,2020,42,1,h
BEL,2021,40,6,h
BEL,2024,43,1,h
BEN,2012,43,1,h
BEN,2012,44,5,h
BEN,2013,43,12,h
BEN,2013,44,26,h
BEN,2014,43,7,h
BEN,2014,44,41,h
BEN,2015,42,1,h
BEN,2016,40,2,h
BEN,2016,41,1,h
BEN,2016,42,3,h
BEN,2016,43,56,h
BEN,2017,42,10,h
BEN,2017,43,30,h
BEN,2018,42,1,h
BEN,2018,43,2,h
BEN,2018,44,10,h
BEN,2019,44,5,h
BEN,2020,44,4,h
BEN,2021,43,5,h
BEN,2022,43,4,h
BEN,2023,43,11,h
BEN,2024,44,3,h
BFA,2012,41,14,h
BFA,2012,42,4,h
BFA,2012,43,32,h
BFA,2012,44,55,h
BFA,2013,41,2,h
BFA,2013,42,19,h
BFA,2013,43,154,h
BFA,2013,44,116,h
BFA,2014,41,3,h
BFA,2014,42,25,h
BFA,2014,43,61,h
BFA,2014,44,83,h
BFA,2015,42,3,h
BFA,2015,43,5,h
BFA,2015,44,15,h
BFA,2016,40,3,h
BFA,2016,41,14,h
BFA,2016,42,49,h
BFA,2016,43,161,h
BFA,2017,40,2,h
BFA,2017,41,26,h
BFA,2017,42,113,h
BFA,2017,43,92,h
BFA,2018,41,1,h
BFA,2018,42,2,h
BFA,2018,43,8,h
BFA,2018,44,19,h
BFA,2019,42,2,h
BFA,2019,43,3,h
BFA,2019,44,11,h
BFA,2020,41,1,h
BFA,2020,42,4,h
BFA,2020,43,42,h
BFA,2020,44,102,h
BFA,2021,40,17,h
BFA,2021,41,54,h
BFA,2021,42,15,h
BFA,2021,43,77,h
BFA,2022,42,46,h
BFA,2022,43,122,h
BFA,2023,40,4,h
BFA,2023,41,14,h
BFA,2023,42,45,h
BFA,2023,43,194,h
BFA,2024,41,3,h
BFA,2024,42,84,h
BFA,2024,43,57,h
BFA,2024,44,172,h
BGD,2015,43,1,h
BGD,2022,43,3,h
BGD,2023,42,2,h
BGD,2024,41,1,h
BGR,2012,41,33,h
BGR,2012,42,32,h
BGR,2012,43,12,h
BGR,2013,41,17,h
BGR,2013,43,51,h
BGR,2013,44,33,h
BGR,2014,41,9,h
BGR,2014,42,9,h
BGR,2014,43,39,h
BGR,2015,41,3,h
BGR,2015,43,2,h
BGR,2015,44,1,h
BGR,2016,40,34,h
BGR,2016,43,1,h
BGR,2017,40,47,h
BGR,2017,41,38,h
BGR,2017,42,32,h
BGR,2018,41,40,h
BGR,2018,42,35,h
BGR,2018,43,43,h
BGR,2018,44,8,h
BGR,2019,41,31,h
BGR,2019,42,27,h
BGR,2019,43,31,h
BGR,2019,44,36,h
BGR,2020,44,1,h
BGR,2021,40,1,h
BGR,2021,42,2,h
BGR,2021,43,4,h
BGR,2022,40,4,h
BGR,2022,41,6,h
BGR,2022,42,7,h
BGR,2022,43,7,h
BGR,2023,40,25,h
BGR,2023,41,13,h
BGR,2023,42,5,h
BGR,2023,43,1,h
BGR,2024,42,1,h
BGR,2024,43,1,h
BGR,2024,44,3,h
BHR,2014,43,1,h
BHS,2013,43,1,h
BHS,2014,42,1,h
BHS,2015,44,1,h
BHS,2018,44,1,h
BHS,2019,44,3,h
BIH,2012,42,1,h
BIH,2013,43,5,h
BIH,2014,42,2,h
BIH,2016,43,2,h
BIH,2017,42,1,h
BIH,2017,43,4,h
BIH,2018,43,1,h
BIH,2019,43,3,h
BIH,2019,44,2,h
BIH,2022,42,1,h
BIH,2023,40,1,h
BLR,2014,41,17,h
BLR,2014,42,4,h
BLR,2014,43,2,h
BLR,2014,44,8,h
BLR,2015,41,1,h
BLR,2015,42,6,h
BLR,2018,41,2,h
BLR,2018,42,13,h
BLR,2021,42,3,h
BLR,2021,43,2,h
BLR,2022,40,1,h
BLR,2024,41,1,h
BLZ,2015,41,3,h
BLZ,2018,43,1,h
BLZ,2020,42,2,h
BLZ,2021,41,3,h
BLZ,2022,42,3,h
BLZ,2022,43,4,h
BLZ,2023,41,3,h
BLZ,2023,42,4,h
BLZ,2023,43,1,h
BLZ,2024,41,1,h
BOL,2012,41,471,h
BOL,2012,42,605,h
BOL,2012,43,450,h
BOL,2012,44,691,h
BOL,2013,41,243,h
BOL,2013,42,31,h
BOL,2013,43,140,h
BOL,2013,44,33,h
BOL,2014,41,532,h
BOL,2014,42,1744,h
BOL,2014,43,160,h
BOL,2014,44,42,h
BOL,2015,41,363,h
BOL,2015,42,929,h
BOL,2015,43,952,h
BOL,2015,44,231,h
BOL,2016,40,224,h
BOL,2016,41,698,h
BOL,2016,42,948,h
BOL,2016,43,418,h
BOL,2017,40,1097,h
BOL,2017,41,537,h
BOL,2017,42,1775,h
BOL,2017,43,411,h
BOL,2018,41,351,h
BOL,2018,42,273,h
BOL,2018,43,21,h
BOL,2018,44,149,h
BOL,2019,41,968,h
BOL,2019,42,246,h
BOL,2019,43,739,h
BOL,2019,44,1530,h
BOL,2020,41,3223,h
BOL,2020,42,665,h
BOL,2020,43,926,h
BOL,2020,44,730,h
BOL,2021,40,598,h
BOL,2021,41,626,h
BOL,2021,42,1681,h
BOL,2021,43,861,h
BOL,2022,40,669,h
BOL,2022,41,310,h
BOL,2022,42,144,h
BOL,2022,43,940,h
BOL,2023,40,1898,h
BOL,2023,41,779,h
BOL,2023,42,2380,h
BOL,2023,43,1461,h
BOL,2024,41,1852,h
BOL,2024,42,1571,h
BOL,2024,43,428,h
BOL,2024,44,388,h
BRA,2012,41,2864,h
BRA,2012,42,2809,h
BRA,2012,43,6312,h
BRA,2012,44,4791,h
BRA,2013,41,2019,h
BRA,2013,42,2367,h
BRA,2013,43,2242,h
BRA,2013,44,722,h
BRA,2014,41,6732,h
BRA,2014,42,9741,h
BRA,2014,43,1808,h
BRA,2014,44,1641,h
BRA,2015,41,4718,h
BRA,2015,42,14145,h
BRA,2015,43,6423,h
BRA,2015,44,2195,h
BRA,2016,40,2396,h
BRA,2016,41,7176,h
BRA,2016,42,3411,h
BRA,2016,43,1593,h
BRA,2017,40,4346,h
BRA,2017,41,4933,h
BRA,2017,42,7269,h
BRA,2017,43,3333,h
BRA,2018,41,3268,h
BRA,2018,42,1111,h
BRA,2018,43,2737,h
BRA,2018,44,665,h
BRA,2019,41,4220,h
BRA,2019,42,3210,h
BRA,2019,43,1918,h
BRA,2019,44,4808,h
BRA,2020,41,11447,h
BRA,2020,42,4034,h
BRA,2020,43,2246,h
BRA,2020,44,1216,h
BRA,2021,40,7035,h
BRA,2021,41,2872,h
BRA,2021,42,1403,h
BRA,2021,43,2261,h
BRA,2022,40,5905,h
BRA,2022,41,4882,h
BRA,2022,42,3012,h
BRA,2022,43,792,h
BRA,2023,40,4309,h
BRA,2023,41,3282,h
BRA,2023,42,5279,h
BRA,2023,43,4295,h
BRA,2024,41,4377,h
BRA,2024,42,2088,h
BRA,2024,43,2973,h
BRA,2024,44,1604,h
BTN,2012,44,1,h
BWA,2012,41,341,h
BWA,2012,42,297,h
BWA,2012,43,71,h
BWA,2012,44,75,h
BWA,2013,41,1514,h
BWA,2013,42,992,h
BWA,2013,43,144,h
BWA,2013,44,625,h
BWA,2014,41,203,h
BWA,2014,42,393,h
BWA,2014,43,911,h
BWA,2014,44,128,h
BWA,2015,41,244,h
BWA,2015,42,393,h
BWA,2015,43,181,h
BWA,2015,44,418,h
BWA,2016,40,243,h
BWA,2016,41,396,h
BWA,2016,42,241,h
BWA,2016,43,391,h
BWA,2017,40,198,h
BWA,2017,41,1039,h
BWA,2017,42,750,h
BWA,2017,43,145,h
BWA,2018,41,486,h
BWA,2018,42,340,h
BWA,2018,43,165,h
BWA,2018,44,268,h
BWA,2019,41,39,h
BWA,2019,42,142,h
BWA,2019,43,217,h
BWA,2019,44,301,h
BWA,2020,41,177,h
BWA,2020,42,529,h
BWA,2020,43,1017,h
BWA,2020,44,734,h
BWA,2021,40,2131,h
BWA,2021,41,3084,h
BWA,2021,42,600,h
BWA,2021,43,192,h
BWA,2022,40,3290,h
BWA,2022,41,1366,h
BWA,2022,42,104,h
BWA,2022,43,175,h
BWA,2023,40,1037,h
BWA,2023,41,422,h
BWA,2023,42,280,h
BWA,2023,43,561,h
BWA,2024,41,420,h
BWA,2024,42,10,h
BWA,2024,43,523,h
BWA,2024,44,314,h
CAF,2012,41,2,h
CAF,2012,42,4,h
CAF,2012,43,41,h
CAF,2012,44,77,h
CAF,2013,42,28,h
CAF,2013,43,34,h
CAF,2013,44,371,h
CAF,2014,41,3,h
CAF,2014,42,21,h
CAF,2014,43,23,h
CAF,2014,44,59,h
CAF,2015,42,3,h
CAF,2015,43,4,h
CAF,2015,44,49,h
CAF,2016,40,2,h
CAF,2016,41,3,h
CAF,2016,42,31,h
CAF,2016,43,367,h
CAF,2017,40,1,h
CAF,2017,41,1,h
CAF,2017,42,32,h
CAF,2017,43,97,h
CAF,2018,42,12,h
CAF,2018,43,31,h
CAF,2018,44,186,h
CAF,2019,42,1,h
CAF,2019,44,28,h
CAF,2020,42,3,h
CAF,2020,43,5,h
CAF,2020,44,20,h
CAF,2021,40,4,h
CAF,2021,41,5,h
CAF,2021,42,12,h
CAF,2021,43,107,h
CAF,2022,40,2,h
CAF,2022,41,6,h
CAF,2022,42,3,h
CAF,2022,43,52,h
CAF,2023,40,1,h
CAF,2023,41,2,h
CAF,2023,42,20,h
CAF,2023,43,6,h
CAF,2024,41,1,h
CAF,2024,43,2,h
CAF,2024,44,17,h
CAN,2012,41,28,h
CAN,2012,42,32,h
CAN,2012,43,8,h
CAN,2012,44,15,h
CAN,2013,41,51,h
CAN,2013,42,33,h
CAN,2013,43,61,h
CAN,2013,44,37,h
CAN,2014,41,32,h
CAN,2014,42,47,h
CAN,2014,43,191,h
CAN,2014,44,72,h
CAN,2015,41,15,h
CAN,2015,42,123,h
CAN,2015,43,90,h
CAN,2015,44,10,h
CAN,2016,40,15,h
CAN,2016,41,25,h
CAN,2016,42,21,h
CAN,2016,43,2,h
CAN,2017,40,50,h
CAN,2017,41,27,h
CAN,2017,42,157,h
CAN,2017,43,40,h
CAN,2018,41,2,h
CAN,2018,42,73,h
CAN,2018,43,86,h
CAN,2018,44,12,h
CAN,2019,41,13,h
CAN,2019,42,9,h
CAN,2019,43,17,h
CAN,2019,44,17,h
CAN,2020,41,68,h
CAN,2020,42,16,h
CAN,2020,43,9,h
CAN,2020,44,2,h
CAN,2021,40,406,h
CAN,2021,41,17,h
CAN,2021,42,29,h
CAN,2021,43,24,h
CAN,2022,40,123,h
CAN,2022,41,721,h
CAN,2022,42,87,h
CAN,2022,43,16,h
CAN,2023,40,15,h
CAN,2023,41,59,h
CAN,2023,42,67,h
CAN,2023,43,14,h
CAN,2024,41,54,h
CAN,2024,42,56,h
CAN,2024,43,63,h
CAN,2024,44,16,h
CHL,2012,41,11,h
CHL,2012,42,10,h
CHL,2012,44,9,h
CHL,2013,41,21,h
CHL,2013,42,21,h
CHL,2013,43,6,h
CHL,2013,44,3,h
CHL,2014,41,14,h
CHL,2014,42,8,h
CHL,2014,43,6,h
CHL,2014,44,1,h
CHL,2015,41,23,h
CHL,2015,42,5,h
CHL,2015,43,6,h
CHL,2015,44,16,h
CHL,2016,40,5,h
CHL,2016,41,1,h
CHL,2016,42,2,h
CHL,2016,43,9,h
CHL,2017,40,2,h
CHL,2017,41,21,h
CHL,2017,42,3,h
CHL,2017,43,5,h
CHL,2018,41,6,h
CHL,2018,42,6,h
CHL,2018,43,1,h
CHL,2018,44,4,h
CHL,2019,41,1,h
CHL,2019,42,1,h
CHL,2019,43,5,h
CHL,2019,44,2,h
CHL,2020,41,17,h
CHL,2020,42,27,h
CHL,2020,43,21,h
CHL,2020,44,11,h
CHL,2021,40,18,h
CHL,2021,41,8,h
CHL,2021,42,7,h
CHL,2021,43,9,h
CHL,2022,40,9,h
CHL,2022,41,15,h
CHL,2022,42,12,h
CHL,2022,43,8,h
CHL,2023,40,10,h
CHL,2023,41,7,h
CHL,2023,42,12,h
CHL,2023,43,12,h
CHL,2024,41,19,h
CHL,2024,42,11,h
CHL,2024,43,8,h
CHL,2024,44,11,h
CHN,2012,41,126,h
CHN,2012,42,115,h
CHN,2012,43,122,h
CHN,2012,44,84,h
CHN,2013,41,336,h
CHN,2013,42,317,h
CHN,2013,43,237,h
CHN,2013,44,74,h
CHN,2014,41,398,h
CHN,2014,42,636,h
CHN,2014,43,375,h
CHN,2014,44,55,h
CHN,2015,41,228,h
CHN,2015,42,261,h
CHN,2015,43,549,h
CHN,2015,44,134,h
CHN,2016,40,58,h
CHN,2016,41,121,h
CHN,2016,42,70,h
CHN,2016,43,37,h
CHN,2017,40,21,h
CHN,2017,41,61,h
CHN,2017,42,61,h
CHN,2017,43,205,h
CHN,2018,41,60,h
CHN,2018,42,93,h
CHN,2018,43,203,h
CHN,2018,44,135,h
CHN,2019,41,32,h
CHN,2019,42,48,h
CHN,2019,43,120,h
CHN,2019,44,65,h
CHN,2020,41,31,h
CHN,2020,42,51,h
CHN,2020,43,71,h
CHN,2020,44,34,h
CHN,2021,40,24,h
CHN,2021,41,23,h
CHN,2021,42,90,h
CHN,2021,43,128,h
CHN,2022,40,34,h
CHN,2022,41,99,h
CHN,2022,42,367,h
CHN,2022,43,114,h
CHN,2023,40,16,h
CHN,2023,41,34,h
CHN,2023,42,72,h
CHN,2023,43,297,h
CHN,2024,41,45,h
CHN,2024,42,20,h
CHN,2024,43,56,h
CHN,2024,44,136,h
CIV,2012,44,2,h
CIV,2013,44,2,h
CIV,2015,41,1,h
CIV,2017,43,4,h
CIV,2018,41,1,h
CIV,2018,43,1,h
CIV,2018,44,1,h
CIV,2019,41,1,h
CIV,2020,43,1,h
CIV,2020,44,2,h
CIV,2021,41,1,h
CIV,2022,43,3,h
CMR,2012,42,14,h
CMR,2012,43,4,h
CMR,2012,44,25,h
CMR,2013,41,2,h
CMR,2013,42,32,h
CMR,2013,43,11,h
CMR,2013,44,42,h
CMR,2014,41,2,h
CMR,2014,42,5,h
CMR,2014,43,17,h
CMR,2014,44,51,h
CMR,2015,42,5,h
CMR,2015,43,25,h
CMR,2015,44,32,h
CMR,2016,40,3,h
CMR,2016,41,15,h
CMR,2016,42,21,h
CMR,2016,43,16,h
CMR,2017,40,6,h
CMR,2017,41,40,h
CMR,2017,42,91,h
CMR,2017,43,55,h
CMR,2018,41,4,h
CMR,2018,42,23,h
CMR,2018,43,20,h
CMR,2018,44,19,h
CMR,2019,44,11,h
CMR,2020,42,9,h
CMR,2020,43,6,h
CMR,2020,44,26,h
CMR,2021,40,7,h
CMR,2021,41,10,h
CMR,2021,42,18,h
CMR,2021,43,23,h
CMR,2022,41,3,h
CMR,2022,42,7,h
CMR,2022,43,12,h
CMR,2023,40,9,h
CMR,2023,41,19,h
CMR,2023,42,37,h
CMR,2023,43,31,h
CMR,2024,43,1,h
CMR,2024,44,3,h
COD,2012,41,142,h
COD,2012,42,145,h
COD,2012,43,247,h
COD,2012,44,37,h
COD,2013,41,417,h
COD,2013,42,497,h
COD,2013,43,149,h
COD,2013,44,223,h
COD,2014,41,861,h
COD,2014,42,382,h
COD,2014,43,207,h
COD,2014,44,77,h
COD,2015,41,554,h
COD,2015,42,218,h
COD,2015,43,160,h
COD,2015,44,94,h
COD,2016,40,248,h
COD,2016,41,696,h
COD,2016,42,371,h
COD,2016,43,231,h
COD,2017,40,400,h
COD,2017,41,230,h
COD,2017,42,570,h
COD,2017,43,96,h
COD,2018,41,266,h
COD,2018,42,101,h
COD,2018,43,359,h
COD,2018,44,90,h
COD,2019,41,292,h
COD,2019,42,92,h
COD,2019,43,183,h
COD,2019,44,209,h
COD,2020,41,593,h
COD,2020,42,273,h
COD,2020,43,250,h
COD,2020,44,35,h
COD,2021,40,418,h
COD,2021,41,186,h
COD,2021,42,63,h
COD,2021,43,158,h
COD,2022,40,1484,h
COD,2022,41,817,h
COD,2022,42,229,h
COD,2022,43,254,h
COD,2023,40,1331,h
COD,2023,41,232,h
COD,2023,42,125,h
COD,2023,43,89,h
COD,2024,41,451,h
COD,2024,42,166,h
COD,2024,43,104,h
COD,2024,44,52,h
COG,2012,41,3,h
COG,2012,42,10,h
COG,2012,43,4,h
COG,2013,41,43,h
COG,2013,42,24,h
COG,2013,43,2,h
COG,2013,44,8,h
COG,2014,41,208,h
COG,2014,42,6,h
COG,2014,43,4,h
COG,2014,44,4,h
COG,2015,41,3,h
COG,2015,42,5,h
COG,2015,43,1,h
COG,2015,44,1,h
COG,2016,40,11,h
COG,2016,41,29,h
COG,2016,42,8,h
COG,2016,43,9,h
COG,2017,40,35,h
COG,2017,41,32,h
COG,2017,42,16,h
COG,2017,43,14,h
COG,2018,41,1,h
COG,2018,42,7,h
COG,2018,43,15,h
COG,2018,44,10,h
COG,2019,41,10,h
COG,2019,42,5,h
COG,2019,43,1,h
COG,2019,44,8,h
COG,2020,41,49,h
COG,2020,42,2,h
COG,2020,43,4,h
COG,2021,40,40,h
COG,2021,41,7,h
COG,2021,42,1,h
COG,2021,43,4,h
COG,2022,40,47,h
COG,2022,41,18,h
COG,2022,42,25,h
COG,2022,43,1,h
COG,2023,40,36,h
COG,2023,41,5,h
COG,2023,42,3,h
COG,2023,43,4,h
COG,2024,41,57,h
COG,2024,42,5,h
COG,2024,43,3,h
COG,2024,44,2,h
COL,2012,41,33,h
COL,2012,42,3,h
COL,2012,43,15,h
COL,2012,44,27,h
COL,2013,41,12,h
COL,2013,42,18,h
COL,2013,43,18,h
COL,2013,44,27,h
COL,2014,41,1,h
COL,2014,42,17,h
COL,2014,43,2,h
COL,2014,44,14,h
COL,2015,41,23,h
COL,2015,42,15,h
COL,2015,43,12,h
COL,2015,44,23,h
COL,2016,40,18,h
COL,2016,41,3,h
COL,2016,42,24,h
COL,2016,43,18,h
COL,2017,40,14,h
COL,2017,41,24,h
COL,2017,42,10,h
COL,2017,43,4,h
COL,2018,41,26,h
COL,2018,42,17,h
COL,2018,43,3,h
COL,2018,44,4,h
COL,2019,41,8,h
COL,2019,42,9,h
COL,2019,43,6,h
COL,2019,44,8,h
COL,2020,41,14,h
COL,2020,42,29,h
COL,2020,43,14,h
COL,2020,44,20,h
COL,2021,40,5,h
COL,2021,41,14,h
COL,2021,42,10,h
COL,2021,43,3,h
COL,2022,40,9,h
COL,2022,41,14,h
COL,2022,42,11,h
COL,2022,43,3,h
COL,2023,40,41,h
COL,2023,41,23,h
COL,2023,42,14,h
COL,2023,43,11,h
COL,2024,41,5,h
COL,2024,42,50,h
COL,2024,43,32,h
COL,2024,44,11,h
COM,2012,42,3,h
COM,2014,43,1,h
COM,2017,40,2,h
COM,2022,42,2,h
COM,2022,43,1,h
COM,2023,42,1,h
CPV,2024,44,1,h
CRI,2018,42,1,h
CRI,2022,43,1,h
CUB,2012,42,2,h
CUB,2012,43,4,h
CUB,2012,44,1,h
CUB,2013,43,2,h
CUB,2013,44,1,h
CUB,2014,44,6,h
CUB,2015,41,14,h
CUB,2015,42,2,h
CUB,2015,44,2,h
CUB,2016,43,2,h
CUB,2018,42,1,h
CUB,2018,43,2,h
CUB,2018,44,1,h
CUB,2019,44,1,h
CUB,2020,42,2,h
CUB,2020,44,1,h
CUB,2021,40,1,h
CUB,2021,43,1,h
CUB,2022,40,3,h
CUB,2022,42,1,h
CUB,2022,43,2,h
CUB,2023,43,3,h
CYP,2013,41,1,h
CYP,2013,44,3,h
CYP,2014,42,2,h
CYP,2015,43,2,h
CYP,2016,41,1,h
CYP,2019,41,2,h
CYP,2020,41,1,h
CYP,2024,43,2,h
CZE,2013,42,1,h
CZE,2014,44,1,h
CZE,2016,42,1,h
CZE,2017,40,1,h
CZE,2019,41,2,h
CZE,2021,43,1,h
DEU,2012,41,1,h
DEU,2013,43,1,h
DEU,2014,42,3,h
DEU,2014,43,3,h
DEU,2015,44,1,h
DEU,2016,42,2,h
DEU,2017,41,2,h
DEU,2018,41,4,h
DEU,2018,42,1,h
DEU,2018,44,2,h
DEU,2019,42,1,h
DEU,2020,41,1,h
DEU,2020,43,2,h
DEU,2020,44,1,h
DEU,2021,40,2,h
DEU,2021,43,4,h
DEU,2022,41,3,h
DEU,2023,41,2,h
DEU,2024,44,1,h
DNK,2013,42,2,h
DNK,2021,40,1,h
DOM,2012,42,1,h
DOM,2013,42,1,h
DOM,2013,44,1,h
DOM,2014,41,3,h
DOM,2014,43,2,h
DOM,2015,41,6,h
DOM,2015,42,3,h
DOM,2015,43,1,h
DOM,2016,41,1,h
DOM,2017,43,1,h
DOM,2018,42,3,h
DOM,2018,44,12,h
DOM,2019,41,2,h
DOM,2019,42,3,h
DOM,2020,41,2,h
DOM,2020,42,1,h
DOM,2020,43,3,h
DOM,2021,40,6,h
DOM,2021,41,1,h
DOM,2021,42,2,h
DOM,2021,43,3,h
DOM,2022,41,6,h
DOM,2022,42,1,h
DOM,2022,43,5,h
DOM,2023,40,1,h
DOM,2024,42,2,h
DOM,2024,44,1,h
DZA,2012,41,76,h
DZA,2012,42,22,h
DZA,2012,43,40,h
DZA,2012,44,6,h
DZA,2013,41,64,h
DZA,2013,42,60,h
DZA,2013,43,51,h
DZA,2013,44,61,h
DZA,2014,41,41,h
DZA,2014,42,21,h
DZA,2014,43,124,h
DZA,2014,44,58,h
DZA,2015,41,25,h
DZA,2015,42,32,h
DZA,2015,43,30,h
DZA,2015,44,29,h
DZA,2016,40,27,h
DZA,2016,41,49,h
DZA,2016,42,19,h
DZA,2016,43,60,h
DZA,2017,40,42,h
DZA,2017,41,50,h
DZA,2017,42,44,h
DZA,2017,43,45,h
DZA,2018,41,5,h
DZA,2018,42,6,h
DZA,2018,43,26,h
DZA,2018,44,6,h
DZA,2019,41,35,h
DZA,2019,42,70,h
DZA,2019,43,26,h
DZA,2019,44,37,h
DZA,2020,41,62,h
DZA,2020,42,15,h
DZA,2020,43,42,h
DZA,2020,44,75,h
DZA,2021,40,32,h
DZA,2021,41,21,h
DZA,2021,42,18,h
DZA,2021,43,34,h
DZA,2022,40,22,h
DZA,2022,41,35,h
DZA,2022,42,83,h
DZA,2022,43,58,h
DZA,2023,40,20,h
DZA,2023,41,45,h
DZA,2023,42,50,h
DZA,2023,43,13,h
DZA,2024,41,17,h
DZA,2024,42,10,h
DZA,2024,43,28,h
DZA,2024,44,10,h
ECU,2012,41,25,h
ECU,2012,42,7,h
ECU,2012,43,122,h
ECU,2012,44,9,h
ECU,2013,41,9,h
ECU,2013,43,11,h
ECU,2013,44,21,h
ECU,2014,41,5,h
ECU,2014,42,50,h
ECU,2014,43,2,h
ECU,2015,41,1,h
ECU,2015,43,29,h
ECU,2015,44,7,h
ECU,2016,40,11,h
ECU,2016,41,53,h
ECU,2016,42,44,h
ECU,2016,43,24,h
ECU,2017,40,8,h
ECU,2017,41,10,h
ECU,2017,42,6,h
ECU,2017,43,26,h
ECU,2018,41,48,h
ECU,2018,42,10,h
ECU,2018,43,12,h
ECU,2018,44,19,h
ECU,2019,41,18,h
ECU,2019,42,6,h
ECU,2019,43,1,h
ECU,2019,44,60,h
ECU,2020,41,92,h
ECU,2020,42,33,h
ECU,2020,43,34,h
ECU,2020,44,41,h
ECU,2021,40,10,h
ECU,2021,41,7,h
ECU,2021,42,1,h
ECU,2021,43,6,h
ECU,2022,40,18,h
ECU,2022,41,13,h
ECU,2022,42,12,h
ECU,2022,43,10,h
ECU,2023,40,11,h
ECU,2023,41,12,h
ECU,2023,42,5,h
ECU,2023,43,4,h
ECU,2024,41,22,h
ECU,2024,42,31,h
ECU,2024,43,57,h
ECU,2024,44,33,h
EGY,2012,41,2,h
EGY,2012,42,29,h
EGY,2012,43,13,h
EGY,2012,44,1,h
EGY,2013,41,18,h
EGY,2013,42,7,h
EGY,2013,43,8,h
EGY,2013,44,4,h
EGY,2014,41,20,h
EGY,2014,42,11,h
EGY,2014,43,7,h
EGY,2014,44,3,h
EGY,2015,41,6,h
EGY,2015,42,9,h
EGY,2015,44,2,h
EGY,2016,40,16,h
EGY,2016,41,20,h
EGY,2016,42,8,h
EGY,2016,43,16,h
EGY,2017,40,11,h
EGY,2017,41,8,h
EGY,2017,42,11,h
EGY,2017,43,5,h
EGY,2018,41,4,h
EGY,2018,42,6,h
EGY,2018,43,6,h
EGY,2018,44,9,h
EGY,2019,41,3,h
EGY,2019,42,8,h
EGY,2019,43,6,h
EGY,2019,44,9,h
EGY,2020,41,6,h
EGY,2020,42,3,h
EGY,2020,43,6,h
EGY,2020,44,3,h
EGY,2021,40,1,h
EGY,2021,41,6,h
EGY,2021,42,5,h
EGY,2021,43,1,h
EGY,2022,40,6,h
EGY,2022,41,6,h
EGY,2022,42,3,h
EGY,2023,40,5,h
EGY,2023,41,4,h
EGY,2023,42,22,h
EGY,2023,43,20,h
EGY,2024,41,8,h
EGY,2024,43,15,h
ERI,2012,43,1,h
ERI,2013,42,1,h
ERI,2014,44,3,h
ERI,2016,41,1,h
ERI,2018,43,2,h
ERI,2019,44,2,h
ERI,2020,41,9,h
ERI,2020,42,2,h
ERI,2020,43,5,h
ERI,2020,44,4,h
ERI,2021,42,6,h
ERI,2021,43,3,h
ERI,2022,40,1,h
ERI,2022,41,1,h
ERI,2022,43,1,h
ERI,2024,42,2,h
ESP,2012,41,7,h
ESP,2013,41,19,h
ESP,2013,42,24,h
ESP,2013,43,10,h
ESP,2013,44,7,h
ESP,2014,41,3,h
ESP,2014,42,3,h
ESP,2014,43,7,h
ESP,2014,44,11,h
ESP,2015,42,2,h
ESP,2015,44,1,h
ESP,2016,40,21,h
ESP,2016,41,1,h
ESP,2016,42,1,h
ESP,2016,43,11,h
ESP,2017,40,10,h
ESP,2017,41,246,h
ESP,2017,42,74,h
ESP,2017,43,10,h
ESP,2018,41,8,h
ESP,2018,43,6,h
ESP,2018,44,2,h
ESP,2019,41,7,h
ESP,2019,42,2,h
ESP,2020,41,1,h
ESP,2020,42,16,h
ESP,2020,43,9,h
ESP,2020,44,8,h
ESP,2021,40,308,h
ESP,2021,41,205,h
ESP,2021,42,135,h
ESP,2021,43,69,h
ESP,2022,41,1,h
ESP,2022,42,5,h
ESP,2022,43,10,h
ESP,2023,41,1,h
ESP,2024,41,7,h
ESP,2024,42,6,h
ETH,2012,41,7,h
ETH,2012,42,63,h
ETH,2012,43,61,h
ETH,2012,44,26,h
ETH,2013,41,2,h
ETH,2013,42,18,h
ETH,2013,43,10,h
ETH,2013,44,81,h
ETH,2014,41,4,h
ETH,2014,42,8,h
ETH,2014,43,24,h
ETH,2014,44,61,h
ETH,2015,41,36,h
ETH,2015,42,30,h
ETH,2015,43,51,h
ETH,2015,44,22,h
ETH,2016,40,12,h
ETH,2016,41,25,h
ETH,2016,42,24,h
ETH,2016,43,21,h
ETH,2017,40,71,h
ETH,2017,41,119,h
ETH,2017,42,130,h
ETH,2017,43,151,h
ETH,2018,41,60,h
ETH,2018,42,33,h
ETH,2018,43,87,h
ETH,2018,44,83,h
ETH,2019,41,2,h
ETH,2019,42,8,h
ETH,2019,43,19,h
ETH,2019,44,57,h
ETH,2020,41,35,h
ETH,2020,42,10,h
ETH,2020,43,34,h
ETH,2020,44,65,h
ETH,2021,40,2,h
ETH,2021,41,10,h
ETH,2021,42,84,h
ETH,2021,43,78,h
ETH,2022,40,2,h
ETH,2022,41,4,h
ETH,2022,42,21,h
ETH,2022,43,22,h
ETH,2023,40,23,h
ETH,2023,41,55,h
ETH,2023,42,7,h
ETH,2023,43,20,h
ETH,2024,41,1,h
ETH,2024,42,12,h
ETH,2024,43,7,h
ETH,2024,44,17,h
FIN,2015,41,1,h
FIN,2023,41,2,h
FJI,2012,41,3,h
FJI,2012,43,3,h
FJI,2012,44,1,h
FJI,2013,41,4,h
FJI,2013,42,18,h
FJI,2014,42,2,h
FJI,2015,41,8,h
FJI,2015,43,4,h
FJI,2015,44,10,h
FJI,2016,40,2,h
FJI,2016,42,2,h
FJI,2017,40,10,h
FJI,2017,41,15,h
FJI,2017,42,4,h
FJI,2017,43,20,h
FJI,2018,44,6,h
FJI,2019,41,1,h
FJI,2019,42,4,h
FJI,2019,44,5,h
FJI,2020,44,1,h
FJI,2021,41,2,h
FJI,2021,42,3,h
FJI,2021,43,7,h
FJI,2022,42,1,h
FJI,2023,40,5,h
FJI,2023,41,4,h
FJI,2023,42,2,h
FJI,2023,43,1,h
FJI,2024,41,2,h
FJI,2024,44,1,h
FLK,2012,44,1,h
FLK,2015,44,1,h
FLK,2021,41,1,h
FRA,2012,41,1,h
FRA,2012,42,2,h
FRA,2012,44,1,h
FRA,2013,41,1,h
FRA,2013,43,3,h
FRA,2014,43,7,h
FRA,2014,44,5,h
FRA,2015,41,1,h
FRA,2015,42,1,h
FRA,2015,43,1,h
FRA,2016,40,3,h
FRA,2016,41,3,h
FRA,2016,42,1,h
FRA,2016,43,1,h
FRA,2017,40,9,h
FRA,2017,41,4,h
FRA,2017,42,14,h
FRA,2017,43,2,h
FRA,2018,43,3,h
FRA,2019,41,4,h
FRA,2019,42,1,h
FRA,2020,41,4,h
FRA,2020,42,2,h
FRA,2021,40,2,h
FRA,2021,41,2,h
FRA,2021,42,5,h
FRA,2021,43,3,h
FRA,2022,40,1,h
FRA,2022,42,2,h
FRA,2022,43,4,h
FRA,2023,40,4,h
FRA,2023,41,2,h
FRA,2023,43,2,h
FRA,2024,41,1,h
FRA,2024,44,1,h
GAB,2012,42,2,h
GAB,2012,44,1,h
GAB,2013,41,2,h
GAB,2013,42,1,h
GAB,2013,44,1,h
GAB,2014,41,1,h
GAB,2014,43,1,h
GAB,2015,44,1,h
GAB,2016,40,1,h
GAB,2016,41,2,h
GAB,2016,43,1,h
GAB,2017,41,1,h
GAB,2017,43,3,h
GAB,2018,42,2,h
GAB,2020,41,11,h
GAB,2020,42,1,h
GAB,2021,40,1,h
GAB,2021,43,2,h
GAB,2022,41,2,h
GAB,2022,42,2,h
GAB,2024,41,2,h
GBR,2012,44,2,h
GBR,2014,41,1,h
GBR,2014,43,1,h
GBR,2014,44,1,h
GBR,2015,44,1,h
GBR,2016,40,1,h
GBR,2016,42,1,h
GBR,2017,43,1,h
GBR,2018,41,3,h
GBR,2018,42,1,h
GBR,2018,43,1,h
GBR,2021,40,1,h
GBR,2022,42,1,h
GEO,2013,41,2,h
GEO,2013,42,1,h
GEO,2013,44,1,h
GEO,2014,43,1,h
GEO,2016,40,3,h
GEO,2017,40,2,h
GEO,2017,41,1,h
GEO,2018,42,1,h
GEO,2018,44,1,h
GEO,2019,42,3,h
GEO,2019,43,1,h
GEO,2019,44,2,h
GEO,2020,41,4,h
GEO,2020,42,1,h
GEO,2020,43,1,h
GEO,2020,44,2,h
GEO,2021,43,2,h
GHA,2012,44,7,h
GHA,2013,42,1,h
GHA,2013,43,8,h
GHA,2013,44,11,h
GHA,2014,43,2,h
GHA,2014,44,5,h
GHA,2016,41,1,h
GHA,2016,42,2,h
GHA,2016,43,25,h
GHA,2017,42,7,h
GHA,2017,43,27,h
GHA,2018,44,5,h
GHA,2019,44,8,h
GHA,2020,42,1,h
GHA,2020,43,1,h
GHA,2020,44,20,h
GHA,2021,41,1,h
GHA,2021,42,1,h
GHA,2021,43,1,h
GHA,2022,40,1,h
GHA,2022,41,1,h
GHA,2022,42,2,h
GHA,2022,43,15,h
GHA,2023,43,2,h
GHA,2024,43,2,h
GHA,2024,44,1,h
GIN,2012,43,19,h
GIN,2012,44,21,h
GIN,2013,41,12,h
GIN,2013,42,16,h
GIN,2013,43,13,h
GIN,2013,44,9,h
GIN,2014,41,12,h
GIN,2014,42,16,h
GIN,2014,43,36,h
GIN,2014,44,57,h
GIN,2015,42,2,h
GIN,2015,43,6,h
GIN,2015,44,12,h
GIN,2016,40,1,h
GIN,2016,41,3,h
GIN,2016,42,8,h
GIN,2016,43,18,h
GIN,2017,40,3,h
GIN,2017,41,16,h
GIN,2017,42,58,h
GIN,2017,43,259,h
GIN,2018,41,1,h
GIN,2018,42,24,h
GIN,2018,43,8,h
GIN,2018,44,59,h
GIN,2019,41,4,h
GIN,2019,42,1,h
GIN,2019,43,9,h
GIN,2019,44,84,h
GIN,2020,41,1,h
GIN,2020,42,3,h
GIN,2020,43,27,h
GIN,2020,44,281,h
GIN,2021,41,6,h
GIN,2021,42,9,h
GIN,2021,43,12,h
GIN,2022,40,2,h
GIN,2022,41,1,h
GIN,2022,42,12,h
GIN,2022,43,47,h
GIN,2023,42,7,h
GIN,2023,43,13,h
GIN,2024,42,1,h
GIN,2024,43,14,h
GIN,2024,44,87,h
GMB,2016,43,1,h
GMB,2017,43,1,h
GNB,2012,43,1,h
GNB,2012,44,3,h
GNB,2013,43,2,h
GNB,2014,43,5,h
GNB,2015,42,2,h
GNB,2017,43,4,h
GNB,2018,42,3,h
GNB,2018,43,3,h
GNB,2018,44,2,h
GNB,2019,44,6,h
GNB,2020,43,1,h
GNB,2020,44,5,h
GNB,2021,42,1,h
GNB,2022,43,3,h
GNB,2024,43,1,h
GRC,2012,41,14,h
GRC,2012,42,14,h
GRC,2012,43,4,h
GRC,2012,44,7,h
GRC,2013,41,2,h
GRC,2013,42,5,h
GRC,2013,43,25,h
GRC,2013,44,5,h
GRC,2014,41,4,h
GRC,2014,42,5,h
GRC,2014,43,15,h
GRC,2015,41,1,h
GRC,2015,42,1,h
GRC,2016,40,9,h
GRC,2016,41,2,h
GRC,2016,42,1,h
GRC,2016,43,7,h
GRC,2017,40,9,h
GRC,2017,41,13,h
GRC,2017,42,11,h
GRC,2018,41,11,h
GRC,2018,42,16,h
GRC,2018,43,9,h
GRC,2018,44,5,h
GRC,2019,41,2,h
GRC,2019,42,7,h
GRC,2019,43,19,h
GRC,2019,44,6,h
GRC,2020,41,3,h
GRC,2020,42,3,h
GRC,2020,43,10,h
GRC,2020,44,3,h
GRC,2021,40,3,h
GRC,2021,42,3,h
GRC,2022,40,3,h
GRC,2022,42,6,h
GRC,2022,43,2,h
GRC,2023,41,4,h
GRC,2024,43,1,h
GRL,2015,44,1,h
GTM,2012,41,1,h
GTM,2012,42,3,h
GTM,2012,43,2,h
GTM,2012,44,7,h
GTM,2014,41,3,h
GTM,2014,42,1,h
GTM,2014,44,4,h
GTM,2015,41,10,h
GTM,2015,42,8,h
GTM,2015,43,1,h
GTM,2015,44,6,h
GTM,2016,40,10,h
GTM,2016,42,1,h
GTM,2016,43,12,h
GTM,2017,40,2,h
GTM,2017,41,2,h
GTM,2018,41,9,h
GTM,2018,43,3,h
GTM,2018,44,5,h
GTM,2019,42,4,h
GTM,2019,43,2,h
GTM,2019,44,1,h
GTM,2020,41,9,h
GTM,2020,42,5,h
GTM,2020,43,3,h
GTM,2020,44,6,h
GTM,2021,40,3,h
GTM,2021,41,11,h
GTM,2021,42,1,h
GTM,2021,43,5,h
GTM,2022,41,1,h
GTM,2022,42,4,h
GTM,2022,43,10,h
GTM,2023,40,1,h
GTM,2023,41,3,h
GTM,2024,41,1,h
GTM,2024,42,2,h
GUF,2012,41,1,h
GUF,2012,42,22,h
GUF,2012,43,14,h
GUF,2012,44,9,h
GUF,2013,41,1,h
GUF,2013,43,2,h
GUF,2014,41,7,h
GUF,2014,42,3,h
GUF,2014,44,10,h
GUF,2015,41,15,h
GUF,2015,42,23,h
GUF,2015,43,14,h
GUF,2015,44,18,h
GUF,2016,40,3,h
GUF,2016,41,9,h
GUF,2016,42,18,h
GUF,2016,43,11,h
GUF,2017,40,7,h
GUF,2017,41,2,h
GUF,2017,42,5,h
GUF,2017,43,2,h
GUF,2018,41,13,h
GUF,2018,42,3,h
GUF,2018,43,10,h
GUF,2018,44,1,h
GUF,2019,41,13,h
GUF,2019,42,3,h
GUF,2019,43,8,h
GUF,2019,44,8,h
GUF,2020,41,4,h
GUF,2020,42,38,h
GUF,2020,43,4,h
GUF,2020,44,1,h
GUF,2021,40,3,h
GUF,2021,41,1,h
GUF,2021,42,5,h
GUF,2022,40,9,h
GUF,2022,42,2,h
GUF,2023,40,4,h
GUF,2023,41,8,h
GUF,2023,42,2,h
GUF,2023,43,5,h
GUF,2024,41,15,h
GUF,2024,42,6,h
GUF,2024,44,3,h
GUY,2012,41,3,h
GUY,2012,42,12,h
GUY,2012,43,41,h
GUY,2012,44,7,h
GUY,2013,41,17,h
GUY,2013,42,10,h
GUY,2013,43,17,h
GUY,2013,44,5,h
GUY,2014,41,23,h
GUY,2014,42,24,h
GUY,2014,43,7,h
GUY,2014,44,22,h
GUY,2015,41,23,h
GUY,2015,42,50,h
GUY,2015,43,51,h
GUY,2015,44,31,h
GUY,2016,40,17,h
GUY,2016,41,12,h
GUY,2016,42,16,h
GUY,2016,43,7,h
GUY,2017,40,4,h
GUY,2017,41,8,h
GUY,2017,42,12,h
GUY,2017,43,15,h
GUY,2018,41,11,h
GUY,2018,42,5,h
GUY,2018,43,9,h
GUY,2018,44,2,h
GUY,2019,41,4,h
GUY,2019,42,5,h
GUY,2019,43,10,h
GUY,2019,44,5,h
GUY,2020,41,13,h
GUY,2020,42,14,h
GUY,2020,43,5,h
GUY,2020,44,5,h
GUY,2021,40,6,h
GUY,2021,41,8,h
GUY,2021,42,5,h
GUY,2021,43,6,h
GUY,2022,40,4,h
GUY,2022,42,1,h
GUY,2022,43,1,h
GUY,2023,40,41,h
GUY,2023,41,103,h
GUY,2023,42,41,h
GUY,2023,43,22,h
GUY,2024,41,10,h
GUY,2024,42,20,h
GUY,2024,43,21,h
GUY,2024,44,17,h
HKG,2013,41,1,h
HKG,2013,43,2,h
HKG,2014,41,2,h
HMD,2017,43,2,h
HMD,2020,42,3,h
HMD,2024,41,1,h
HND,2012,42,3,h
HND,2012,43,2,h
HND,2012,44,1,h
HND,2013,42,1,h
HND,2014,41,2,h
HND,2015,43,2,h
HND,2015,44,5,h
HND,2016,40,8,h
HND,2016,43,3,h
HND,2017,40,1,h
HND,2017,41,2,h
HND,2018,41,4,h
HND,2018,43,4,h
HND,2019,41,3,h
HND,2019,42,1,h
HND,2019,43,2,h
HND,2020,41,4,h
HND,2021,41,2,h
HND,2021,43,2,h
HND,2022,43,4,h
HND,2023,40,3,h
HND,2023,41,5,h
HND,2024,41,1,h
HRV,2012,42,2,h
HRV,2013,43,1,h
HRV,2017,40,1,h
HRV,2018,41,2,h
HRV,2018,42,1,h
HRV,2019,43,4,h
HRV,2023,40,4,h
HTI,2015,41,1,h
HTI,2017,43,1,h
HUN,2012,41,1,h
HUN,2012,42,3,h
HUN,2013,43,1,h
HUN,2013,44,2,h
HUN,2014,41,1,h
HUN,2015,41,1,h
HUN,2017,42,1,h
HUN,2018,41,3,h
HUN,2018,42,4,h
HUN,2018,44,1,h
HUN,2019,42,2,h
HUN,2021,43,1,h
HUN,2023,43,1,h
IDN,2012,41,241,h
IDN,2012,42,188,h
IDN,2012,43,236,h
IDN,2012,44,111,h
IDN,2013,41,282,h
IDN,2013,42,732,h
IDN,2013,43,124,h
IDN,2013,44,104,h
IDN,2014,41,1774,h
IDN,2014,42,571,h
IDN,2014,43,420,h
IDN,2014,44,1588,h
IDN,2015,41,2392,h
IDN,2015,42,3213,h
IDN,2015,43,4572,h
IDN,2015,44,681,h
IDN,2016,40,35,h
IDN,2016,41,107,h
IDN,2016,42,42,h
IDN,2016,43,8,h
IDN,2017,40,77,h
IDN,2017,41,84,h
IDN,2017,42,101,h
IDN,2017,43,130,h
IDN,2018,41,492,h
IDN,2018,42,218,h
IDN,2018,43,236,h
IDN,2018,44,125,h
IDN,2019,41,653,h
IDN,2019,42,1198,h
IDN,2019,43,1161,h
IDN,2019,44,224,h
IDN,2020,41,101,h
IDN,2020,42,143,h
IDN,2020,43,93,h
IDN,2020,44,62,h
IDN,2021,40,93,h
IDN,2021,41,91,h
IDN,2021,42,57,h
IDN,2021,43,56,h
IDN,2022,40,14,h
IDN,2022,41,24,h
IDN,2022,42,19,h
IDN,2022,43,4,h
IDN,2023,40,865,h
IDN,2023,41,630,h
IDN,2023,42,584,h
IDN,2023,43,651,h
IDN,2024,41,101,h
IDN,2024,42,115,h
IDN,2024,43,180,h
IDN,2024,44,98,h
IND,2012,41,263,h
IND,2012,42,161,h
IND,2012,43,228,h
IND,2012,44,1440,h
IND,2013,41,2,h
IND,2013,42,123,h
IND,2013,43,399,h
IND,2013,44,1451,h
IND,2014,41,37,h
IND,2014,42,130,h
IND,2014,43,289,h
IND,2014,44,955,h
IND,2015,41,37,h
IND,2015,42,110,h
IND,2015,43,339,h
IND,2015,44,171,h
IND,2016,40,48,h
IND,2016,41,131,h
IND,2016,42,277,h
IND,2016,43,538,h
IND,2017,40,35,h
IND,2017,41,71,h
IND,2017,42,213,h
IND,2017,43,732,h
IND,2018,41,29,h
IND,2018,42,118,h
IND,2018,43,311,h
IND,2018,44,617,h
IND,2019,41,33,h
IND,2019,42,34,h
IND,2019,43,120,h
IND,2019,44,533,h
IND,2020,41,38,h
IND,2020,42,137,h
IND,2020,43,456,h
IND,2020,44,1199,h
IND,2021,40,11,h
IND,2021,41,36,h
IND,2021,42,168,h
IND,2021,43,235,h
IND,2022,40,8,h
IND,2022,41,22,h
IND,2022,42,56,h
IND,2022,43,243,h
IND,2023,40,16,h
IND,2023,41,25,h
IND,2023,42,24,h
IND,2023,43,274,h
IND,2024,41,19,h
IND,2024,42,23,h
IND,2024,43,57,h
IND,2024,44,132,h
IRN,2012,41,136,h
IRN,2012,42,46,h
IRN,2012,43,72,h
IRN,2012,44,144,h
IRN,2013,41,100,h
IRN,2013,42,118,h
IRN,2013,43,87,h
IRN,2013,44,22,h
IRN,2014,41,78,h
IRN,2014,42,80,h
IRN,2014,43,89,h
IRN,2014,44,30,h
IRN,2015,41,100,h
IRN,2015,42,107,h
IRN,2015,43,39,h
IRN,2015,44,26,h
IRN,2016,40,240,h
IRN,2016,41,141,h
IRN,2016,42,143,h
IRN,2016,43,205,h
IRN,2017,40,156,h
IRN,2017,41,169,h
IRN,2017,42,229,h
IRN,2017,43,167,h
IRN,2018,41,205,h
IRN,2018,42,93,h
IRN,2018,43,58,h
IRN,2018,44,140,h
IRN,2019,41,147,h
IRN,2019,42,88,h
IRN,2019,43,52,h
IRN,2019,44,145,h
IRN,2020,41,105,h
IRN,2020,42,134,h
IRN,2020,43,183,h
IRN,2020,44,91,h
IRN,2021,40,114,h
IRN,2021,41,158,h
IRN,2021,42,103,h
IRN,2021,43,64,h
IRN,2022,40,195,h
IRN,2022,41,152,h
IRN,2022,42,117,h
IRN,2022,43,127,h
IRN,2023,40,226,h
IRN,2023,41,120,h
IRN,2023,42,164,h
IRN,2023,43,172,h
IRN,2024,41,236,h
IRN,2024,42,356,h
IRN,2024,43,138,h
IRN,2024,44,109,h
IRQ,2012,41,179,h
IRQ,2012,42,176,h
IRQ,2012,43,135,h
IRQ,2012,44,268,h
IRQ,2013,41,135,h
IRQ,2013,42,242,h
IRQ,2013,43,234,h
IRQ,2013,44,33,h
IRQ,2014,41,281,h
IRQ,2014,42,224,h
IRQ,2014,43,238,h
IRQ,2014,44,67,h
IRQ,2015,41,347,h
IRQ,2015,42,263,h
IRQ,2015,43,41,h
IRQ,2015,44,157,h
IRQ,2016,40,319,h
IRQ,2016,41,319,h
IRQ,2016,42,273,h
IRQ,2016,43,303,h
IRQ,2017,40,228,h
IRQ,2017,41,265,h
IRQ,2017,42,374,h
IRQ,2017,43,150,h
IRQ,2018,41,198,h
IRQ,2018,42,159,h
IRQ,2018,43,130,h
IRQ,2018,44,206,h
IRQ,2019,41,310,h
IRQ,2019,42,206,h
IRQ,2019,43,194,h
IRQ,2019,44,221,h
IRQ,2020,41,254,h
IRQ,2020,42,273,h
IRQ,2020,43,365,h
IRQ,2020,44,132,h
IRQ,2021,40,241,h
IRQ,2021,41,332,h
IRQ,2021,42,169,h
IRQ,2021,43,155,h
IRQ,2022,40,318,h
IRQ,2022,41,238,h
IRQ,2022,42,184,h
IRQ,2022,43,249,h
IRQ,2023,40,256,h
IRQ,2023,41,109,h
IRQ,2023,42,291,h
IRQ,2023,43,139,h
IRQ,2024,41,289,h
IRQ,2024,42,312,h
IRQ,2024,43,187,h
IRQ,2024,44,170,h
ISL,2014,41,360,h
ISL,2014,42,632,h
ISL,2014,43,972,h
ISL,2014,44,500,h
ISR,2012,41,1,h
ISR,2013,41,1,h
ISR,2013,43,1,h
ISR,2013,44,4,h
ISR,2014,41,1,h
ISR,2016,40,1,h
ISR,2016,41,1,h
ISR,2016,43,1,h
ISR,2017,40,1,h
ISR,2017,42,3,h
ISR,2019,42,3,h
ISR,2020,41,13,h
ISR,2020,44,1,h
ISR,2021,41,2,h
ISR,2023,40,1,h
ISR,2023,41,4,h
ISR,2023,43,2,h
ISR,2024,42,3,h
ISR,2024,43,2,h
ISR,2024,44,3,h
ITA,2012,41,2,h
ITA,2012,42,2,h
ITA,2012,43,4,h
ITA,2012,44,1,h
ITA,2013,41,1,h
ITA,2013,42,2,h
ITA,2013,43,27,h
ITA,2013,44,4,h
ITA,2014,41,26,h
ITA,2014,42,25,h
ITA,2014,43,8,h
ITA,2014,44,9,h
ITA,2015,43,1,h
ITA,2016,40,5,h
ITA,2016,41,7,h
ITA,2016,42,1,h
ITA,2016,43,3,h
ITA,2017,40,9,h
ITA,2017,41,10,h
ITA,2017,42,11,h
ITA,2017,43,21,h
ITA,2018,41,1,h
ITA,2018,42,1,h
ITA,2018,43,2,h
ITA,2019,41,3,h
ITA,2019,42,6,h
ITA,2019,43,12,h
ITA,2019,44,1,h
ITA,2020,41,6,h
ITA,2020,43,2,h
ITA,2021,40,3,h
ITA,2021,41,5,h
ITA,2021,42,7,h
ITA,2021,43,3,h
ITA,2022,40,15,h
ITA,2022,41,1,h
ITA,2022,42,2,h
ITA,2022,43,4,h
ITA,2023,40,34,h
ITA,2023,41,54,h
ITA,2023,42,16,h
ITA,2023,43,2,h
ITA,2024,41,7,h
ITA,2024,43,1,h
ITA,2024,44,1,h
JOR,2020,42,1,h
JOR,2023,41,1,h
JPN,2012,41,3,h
JPN,2012,42,4,h
JPN,2012,43,4,h
JPN,2012,44,2,h
JPN,2013,41,1,h
JPN,2013,42,1,h
JPN,2013,43,2,h
JPN,2013,44,5,h
JPN,2014,41,7,h
JPN,2014,42,4,h
JPN,2014,43,4,h
JPN,2014,44,1,h
JPN,2015,41,3,h
JPN,2015,42,3,h
JPN,2015,43,2,h
JPN,2015,44,2,h
JPN,2016,41,1,h
JPN,2016,42,1,h
JPN,2016,43,1,h
JPN,2017,40,3,h
JPN,2017,41,2,h
JPN,2017,42,1,h
JPN,2018,41,2,h
JPN,2018,42,1,h
JPN,2018,43,2,h
JPN,2018,44,1,h
JPN,2019,41,1,h
JPN,2019,42,4,h
JPN,2019,44,2,h
JPN,2020,41,3,h
JPN,2020,42,1,h
JPN,2020,44,1,h
JPN,2021,42,2,h
JPN,2022,42,1,h
JPN,2022,43,1,h
JPN,2023,42,2,h
KAZ,2012,41,409,h
KAZ,2012,42,77,h
KAZ,2012,43,124,h
KAZ,2012,44,86,h
KAZ,2013,41,93,h
KAZ,2013,42,126,h
KAZ,2013,43,35,h
KAZ,2013,44,37,h
KAZ,2014,41,128,h
KAZ,2014,42,191,h
KAZ,2014,43,9,h
KAZ,2014,44,25,h
KAZ,2015,41,516,h
KAZ,2015,42,91,h
KAZ,2015,43,30,h
KAZ,2015,44,14,h
KAZ,2016,40,109,h
KAZ,2016,41,38,h
KAZ,2016,42,6,h
KAZ,2016,43,7,h
KAZ,2017,40,45,h
KAZ,2017,41,840,h
KAZ,2017,42,38,h
KAZ,2017,43,14,h
KAZ,2018,41,166,h
KAZ,2018,42,62,h
KAZ,2018,43,176,h
KAZ,2018,44,29,h
KAZ,2019,41,339,h
KAZ,2019,42,125,h
KAZ,2019,43,128,h
KAZ,2019,44,42,h
KAZ,2020,41,110,h
KAZ,2020,42,508,h
KAZ,2020,43,284,h
KAZ,2020,44,91,h
KAZ,2021,40,154,h
KAZ,2021,41,233,h
KAZ,2021,42,111,h
KAZ,2021,43,27,h
KAZ,2022,40,278,h
KAZ,2022,41,131,h
KAZ,2022,42,39,h
KAZ,2022,43,3,h
KAZ,2023,40,13,h
KAZ,2023,41,18,h
KAZ,2023,42,27,h
KAZ,2023,43,3,h
KAZ,2024,41,144,h
KAZ,2024,42,19,h
KAZ,2024,43,6,h
KAZ,2024,44,4,h
KEN,2012,41,11,h
KEN,2012,42,4,h
KEN,2012,43,11,h
KEN,2012,44,6,h
KEN,2013,41,3,h
KEN,2013,42,29,h
KEN,2013,43,14,h
KEN,2013,44,21,h
KEN,2014,41,13,h
KEN,2014,42,11,h
KEN,2014,43,7,h
KEN,2014,44,10,h
KEN,2015,41,8,h
KEN,2015,42,10,h
KEN,2015,43,4,h
KEN,2015,44,1,h
KEN,2016,40,25,h
KEN,2016,41,60,h
KEN,2016,42,31,h
KEN,2016,43,10,h
KEN,2017,40,42,h
KEN,2017,41,11,h
KEN,2017,42,3,h
KEN,2018,41,17,h
KEN,2018,42,8,h
KEN,2018,43,6,h
KEN,2018,44,8,h
KEN,2019,41,5,h
KEN,2019,43,2,h
KEN,2020,41,136,h
KEN,2020,42,35,h
KEN,2020,43,18,h
KEN,2020,44,11,h
KEN,2021,40,30,h
KEN,2021,41,12,h
KEN,2021,42,14,h
KEN,2021,43,6,h
KEN,2022,40,11,h
KEN,2022,41,29,h
KEN,2022,42,6,h
KEN,2022,43,9,h
KEN,2023,40,11,h
KEN,2023,41,18,h
KEN,2023,42,2,h
KEN,2023,43,2,h
KEN,2024,41,50,h
KEN,2024,42,19,h
KEN,2024,43,31,h
KEN,2024,44,48,h
KGZ,2012,41,3,h
KGZ,2012,44,1,h
KGZ,2013,41,2,h
KGZ,2013,44,1,h
KGZ,2016,41,1,h
KGZ,2017,41,1,h
KGZ,2017,43,3,h
KGZ,2018,43,3,h
KGZ,2020,43,2,h
KGZ,2022,41,5,h
KGZ,2024,42,1,h
KHM,2012,42,2,h
KHM,2012,43,2,h
KHM,2012,44,1,h
KHM,2013,43,7,h
KHM,2013,44,11,h
KHM,2014,42,4,h
KHM,2014,44,1,h
KHM,2015,43,1,h
KHM,2015,44,4,h
KHM,2017,43,2,h
KHM,2018,44,6,h
KHM,2019,43,2,h
KIR,2014,44,3,h
KOR,2013,41,1,h
KOR,2016,40,1,h
KOR,2018,42,1,h
KOR,2018,44,3,h
KOR,2021,43,3,h
KWT,2012,41,7,h
KWT,2012,42,16,h
KWT,2012,43,8,h
KWT,2012,44,19,h
KWT,2013,41,1,h
KWT,2013,42,9,h
KWT,2013,43,6,h
KWT,2014,41,15,h
KWT,2014,42,10,h
KWT,2014,43,10,h
KWT,2015,41,5,h
KWT,2015,44,2,h
KWT,2016,40,12,h
KWT,2016,41,5,h
KWT,2016,43,1,h
KWT,2017,40,4,h
KWT,2017,41,6,h
KWT,2017,42,5,h
KWT,2017,43,3,h
KWT,2018,41,2,h
KWT,2018,42,2,h
KWT,2018,44,4,h
KWT,2019,41,1,h
KWT,2019,43,5,h
KWT,2019,44,1,h
KWT,2020,41,6,h
KWT,2020,42,5,h
KWT,2020,43,3,h
KWT,2020,44,3,h
KWT,2021,41,5,h
KWT,2022,40,4,h
KWT,2022,41,2,h
KWT,2022,43,3,h
KWT,2023,41,4,h
KWT,2023,42,8,h
KWT,2023,43,6,h
KWT,2024,42,1,h
KWT,2024,43,3,h
LAO,2012,41,1,h
LAO,2012,44,1,h
LAO,2013,41,2,h
LAO,2013,43,1,h
LAO,2013,44,3,h
LAO,2014,42,2,h
LAO,2015,42,3,h
LAO,2015,43,5,h
LAO,2015,44,5,h
LAO,2016,41,1,h
LAO,2018,41,3,h
LAO,2018,44,5,h
LAO,2019,42,1,h
LAO,2019,43,5,h
LAO,2019,44,3,h
LAO,2022,41,2,h
LAO,2022,42,1,h
LAO,2024,41,1,h
LAO,2024,43,2,h
LAO,2024,44,1,h
LBN,2013,41,5,h
LBN,2013,43,1,h
LBN,2014,41,3,h
LBN,2015,41,1,h
LBN,2016,42,3,h
LBN,2016,43,1,h
LBN,2019,41,5,h
LBN,2019,42,8,h
LBN,2020,41,6,h
LBN,2020,42,1,h
LBN,2020,43,2,h
LBN,2020,44,4,h
LBN,2021,42,1,h
LBN,2023,43,17,h
LBN,2024,41,1,h
LBN,2024,42,2,h
LBN,2024,43,20,h
LBN,2024,44,14,h
LBR,2016,42,1,h
LBY,2012,41,24,h
LBY,2012,42,26,h
LBY,2012,43,29,h
LBY,2012,44,26,h
LBY,2013,41,10,h
LBY,2013,42,13,h
LBY,2013,43,23,h
LBY,2013,44,7,h
LBY,2014,41,18,h
LBY,2014,42,25,h
LBY,2014,43,13,h
LBY,2014,44,19,h
LBY,2015,41,15,h
LBY,2015,42,16,h
LBY,2015,43,5,h
LBY,2015,44,26,h
LBY,2016,40,11,h
LBY,2016,41,14,h
LBY,2016,42,12,h
LBY,2016,43,8,h
LBY,2017,40,8,h
LBY,2017,41,22,h
LBY,2017,42,24,h
LBY,2017,43,5,h
LBY,2018,41,22,h
LBY,2018,42,18,h
LBY,2018,43,22,h
LBY,2018,44,25,h
LBY,2019,41,37,h
LBY,2019,42,14,h
LBY,2019,43,46,h
LBY,2019,44,37,h
LBY,2020,41,11,h
LBY,2020,42,20,h
LBY,2020,43,25,h
LBY,2020,44,20,h
LBY,2021,40,43,h
LBY,2021,41,32,h
LBY,2021,42,14,h
LBY,2021,43,19,h
LBY,2022,40,41,h
LBY,2022,41,26,h
LBY,2022,42,18,h
LBY,2022,43,28,h
LBY,2023,40,15,h
LBY,2023,41,29,h
LBY,2023,42,58,h
LBY,2023,43,35,h
LBY,2024,41,38,h
LBY,2024,42,30,h
LBY,2024,43,18,h
LBY,2024,44,24,h
LKA,2012,41,1,h
LKA,2013,41,5,h
LKA,2013,42,1,h
LKA,2013,43,1,h
LKA,2014,42,1,h
LKA,2014,43,2,h
LKA,2015,42,1,h
LKA,2016,40,50,h
LKA,2016,41,17,h
LKA,2020,42,1,h
LKA,2020,43,2,h
LKA,2021,42,1,h
LKA,2022,43,1,h
LSO,2012,42,1,h
LSO,2013,41,41,h
LSO,2013,42,18,h
LSO,2013,43,1,h
LSO,2013,44,1,h
LSO,2014,41,8,h
LSO,2014,43,5,h
LSO,2015,41,6,h
LSO,2015,43,1,h
LSO,2015,44,2,h
LSO,2016,40,8,h
LSO,2016,41,4,h
LSO,2016,42,2,h
LSO,2016,43,3,h
LSO,2017,41,4,h
LSO,2017,42,4,h
LSO,2017,43,3,h
LSO,2018,44,8,h
LSO,2019,41,6,h
LSO,2019,42,29,h
LSO,2019,43,88,h
LSO,2019,44,31,h
LSO,2020,41,2,h
LSO,2020,42,4,h
LSO,2020,43,7,h
LSO,2021,40,2,h
LSO,2021,41,8,h
LSO,2022,40,1,h
LSO,2023,40,18,h
LSO,2023,41,1,h
LSO,2023,42,1,h
LSO,2024,41,25,h
LSO,2024,44,9,h
LTU,2016,41,1,h
LUX,2013,43,1,h
LVA,2021,40,1,h
MAR,2012,41,2,h
MAR,2012,42,1,h
MAR,2013,41,4,h
MAR,2013,42,1,h
MAR,2013,44,2,h
MAR,2014,44,1,h
MAR,2015,41,1,h
MAR,2015,43,2,h
MAR,2016,40,2,h
MAR,2017,40,6,h
MAR,2017,41,1,h
MAR,2018,41,1,h
MAR,2018,43,2,h
MAR,2019,41,4,h
MAR,2019,42,3,h
MAR,2020,41,1,h
MAR,2020,42,5,h
MAR,2021,40,1,h
MAR,2021,41,2,h
MAR,2022,40,2,h
MAR,2022,41,1,h
MAR,2022,42,1,h
MAR,2022,43,1,h
MAR,2023,42,10,h
MAR,2024,41,1,h
MDA,2013,41,2,h
MDA,2013,43,4,h
MDA,2013,44,17,h
MDA,2014,41,32,h
MDA,2014,42,2,h
MDA,2014,43,2,h
MDA,2014,44,2,h
MDA,2015,41,8,h
MDA,2015,44,1,h
MDA,2016,40,3,h
MDA,2016,41,1,h
MDA,2017,40,5,h
MDA,2017,42,9,h
MDA,2018,41,11,h
MDA,2018,42,15,h
MDA,2018,43,2,h
MDA,2019,41,1,h
MDA,2019,42,8,h
MDA,2019,44,7,h
MDA,2021,42,3,h
MDA,2021,43,4,h
MDA,2023,40,1,h
MDA,2023,41,3,h
MDG,2012,41,1463,h
MDG,2012,42,1871,h
MDG,2012,43,619,h
MDG,2012,44,459,h
MDG,2013,41,1697,h
MDG,2013,42,1802,h
MDG,2013,43,1964,h
MDG,2013,44,657,h
MDG,2014,41,2266,h
MDG,2014,42,849,h
MDG,2014,43,924,h
MDG,2014,44,1962,h
MDG,2015,41,1670,h
MDG,2015,42,1167,h
MDG,2015,43,1567,h
MDG,2015,44,175,h
MDG,2016,40,1632,h
MDG,2016,41,1977,h
MDG,2016,42,1831,h
MDG,2016,43,974,h
MDG,2017,40,1246,h
MDG,2017,41,1080,h
MDG,2017,42,1320,h
MDG,2017,43,1752,h
MDG,2018,41,404,h
MDG,2018,42,822,h
MDG,2018,43,1907,h
MDG,2018,44,881,h
MDG,2019,41,751,h
MDG,2019,42,772,h
MDG,2019,43,2362,h
MDG,2019,44,983,h
MDG,2020,41,609,h
MDG,2020,42,781,h
MDG,2020,43,1767,h
MDG,2020,44,1904,h
MDG,2021,40,579,h
MDG,2021,41,1131,h
MDG,2021,42,1672,h
MDG,2021,43,836,h
MDG,2022,40,1664,h
MDG,2022,41,1706,h
MDG,2022,42,1184,h
MDG,2022,43,617,h
MDG,2023,40,962,h
MDG,2023,41,1948,h
MDG,2023,42,489,h
MDG,2023,43,417,h
MDG,2024,41,1292,h
MDG,2024,42,481,h
MDG,2024,43,870,h
MDG,2024,44,1262,h
MEX,2012,41,18,h
MEX,2012,42,31,h
MEX,2012,43,87,h
MEX,2012,44,32,h
MEX,2013,41,29,h
MEX,2013,42,10,h
MEX,2013,43,11,h
MEX,2013,44,16,h
MEX,2014,41,31,h
MEX,2014,42,35,h
MEX,2014,43,26,h
MEX,2014,44,34,h
MEX,2015,41,26,h
MEX,2015,42,38,h
MEX,2015,43,7,h
MEX,2015,44,39,h
MEX,2016,40,51,h
MEX,2016,41,31,h
MEX,2016,42,38,h
MEX,2016,43,35,h
MEX,2017,40,20,h
MEX,2017,41,17,h
MEX,2017,42,39,h
MEX,2017,43,115,h
MEX,2018,41,18,h
MEX,2018,42,20,h
MEX,2018,43,32,h
MEX,2018,44,24,h
MEX,2019,41,14,h
MEX,2019,42,16,h
MEX,2019,43,503,h
MEX,2019,44,55,h
MEX,2020,41,54,h
MEX,2020,42,42,h
MEX,2020,43,42,h
MEX,2020,44,46,h
MEX,2021,40,44,h
MEX,2021,41,100,h
MEX,2021,42,24,h
MEX,2021,43,81,h
MEX,2022,40,41,h
MEX,2022,41,15,h
MEX,2022,42,30,h
MEX,2022,43,55,h
MEX,2023,40,55,h
MEX,2023,41,33,h
MEX,2023,42,46,h
MEX,2023,43,26,h
MEX,2024,41,62,h
MEX,2024,42,17,h
MEX,2024,43,26,h
MEX,2024,44,42,h
MKD,2012,41,1,h
MKD,2012,42,6,h
MKD,2012,43,2,h
MKD,2012,44,1,h
MKD,2013,41,1,h
MKD,2013,43,2,h
MKD,2013,44,9,h
MKD,2015,44,2,h
MKD,2016,40,1,h
MKD,2016,41,1,h
MKD,2016,43,1,h
MKD,2017,41,4,h
MKD,2018,41,2,h
MKD,2018,42,3,h
MKD,2018,43,5,h
MKD,2018,44,4,h
MKD,2019,41,2,h
MKD,2019,42,3,h
MKD,2019,43,13,h
MKD,2019,44,11,h
MKD,2020,42,3,h
MKD,2020,43,1,h
MKD,2020,44,3,h
MKD,2021,42,1,h
MKD,2021,43,2,h
MKD,2023,40,2,h
MKD,2023,41,7,h
MKD,2023,43,3,h
MLI,2012,41,61,h
MLI,2012,42,16,h
MLI,2012,43,370,h
MLI,2012,44,803,h
MLI,2013,41,85,h
MLI,2013,42,450,h
MLI,2013,43,332,h
MLI,2013,44,183,h
MLI,2014,41,77,h
MLI,2014,42,386,h
MLI,2014,43,428,h
MLI,2014,44,529,h
MLI,2015,41,9,h
MLI,2015,42,35,h
MLI,2015,43,77,h
MLI,2015,44,207,h
MLI,2016,40,65,h
MLI,2016,41,158,h
MLI,2016,42,300,h
MLI,2016,43,410,h
MLI,2017,40,110,h
MLI,2017,41,287,h
MLI,2017,42,690,h
MLI,2017,43,1085,h
MLI,2018,41,107,h
MLI,2018,42,179,h
MLI,2018,43,136,h
MLI,2018,44,366,h
MLI,2019,41,42,h
MLI,2019,42,144,h
MLI,2019,43,217,h
MLI,2019,44,456,h
MLI,2020,41,50,h
MLI,2020,42,206,h
MLI,2020,43,864,h
MLI,2020,44,1293,h
MLI,2021,40,140,h
MLI,2021,41,673,h
MLI,2021,42,291,h
MLI,2021,43,463,h
MLI,2022,40,17,h
MLI,2022,41,48,h
MLI,2022,42,158,h
MLI,2022,43,1020,h
MLI,2023,40,54,h
MLI,2023,41,155,h
MLI,2023,42,257,h
MLI,2023,43,324,h
MLI,2024,41,39,h
MLI,2024,42,235,h
MLI,2024,43,471,h
MLI,2024,44,818,h
MMR,2012,42,3,h
MMR,2012,43,13,h
MMR,2012,44,1,h
MMR,2013,41,1,h
MMR,2014,41,1,h
MMR,2014,43,1,h
MMR,2015,43,1,h
MMR,2016,42,1,h
MMR,2017,40,1,h
MMR,2017,43,2,h
MMR,2018,44,1,h
MMR,2019,43,2,h
MMR,2019,44,2,h
MMR,2021,41,1,h
MMR,2021,43,2,h
MMR,2022,42,3,h
MMR,2023,42,1,h
MMR,2023,43,1,h
MMR,2024,44,1,h
MNE,2018,42,1,h
MNE,2018,43,1,h
MNE,2019,44,5,h
MNG,2012,41,11,h
MNG,2012,44,1,h
MNG,2013,41,43,h
MNG,2013,42,107,h
MNG,2013,44,2,h
MNG,2014,41,4,h
MNG,2014,42,174,h
MNG,2014,43,82,h
MNG,2014,44,113,h
MNG,2015,41,39,h
MNG,2015,42,12,h
MNG,2015,43,3,h
MNG,2015,44,8,h
MNG,2016,41,2,h
MNG,2016,42,1,h
MNG,2017,40,8,h
MNG,2017,43,10,h
MNG,2020,42,4,h
MNG,2021,41,5,h
MNG,2021,43,14,h
MNG,2022,40,1,h
MNG,2022,41,11,h
MNG,2022,43,1,h
MNG,2023,40,4,h
MNG,2023,41,1,h
MNG,2023,42,1,h
MNG,2023,43,7,h
MNG,2024,41,73,h
MNG,2024,42,1,h
MOZ,2012,41,3712,h
MOZ,2012,42,3752,h
MOZ,2012,43,721,h
MOZ,2012,44,754,h
MOZ,2013,41,1908,h
MOZ,2013,42,1691,h
MOZ,2013,43,2513,h
MOZ,2013,44,1690,h
MOZ,2014,41,8267,h
MOZ,2014,42,3407,h
MOZ,2014,43,2341,h
MOZ,2014,44,1561,h
MOZ,2015,41,7110,h
MOZ,2015,42,3076,h
MOZ,2015,43,847,h
MOZ,2015,44,1034,h
MOZ,2016,40,4444,h
MOZ,2016,41,2371,h
MOZ,2016,42,1824,h
MOZ,2016,43,2692,h
MOZ,2017,40,3593,h
MOZ,2017,41,1956,h
MOZ,2017,42,10941,h
MOZ,2017,43,2496,h
MOZ,2018,41,1282,h
MOZ,2018,42,1491,h
MOZ,2018,43,1096,h
MOZ,2018,44,2103,h
MOZ,2019,41,2790,h
MOZ,2019,42,916,h
MOZ,2019,43,3553,h
MOZ,2019,44,6834,h
MOZ,2020,41,1275,h
MOZ,2020,42,760,h
MOZ,2020,43,4090,h
MOZ,2020,44,1014,h
MOZ,2021,40,3269,h
MOZ,2021,41,3983,h
MOZ,2021,42,3237,h
MOZ,2021,43,740,h
MOZ,2022,40,11801,h
MOZ,2022,41,7274,h
MOZ,2022,42,2150,h
MOZ,2022,43,2995,h
MOZ,2023,40,5154,h
MOZ,2023,41,5919,h
MOZ,2023,42,491,h
MOZ,2023,43,2920,h
MOZ,2024,41,1714,h
MOZ,2024,42,2708,h
MOZ,2024,43,991,h
MOZ,2024,44,398,h
MRT,2012,41,3,h
MRT,2012,43,12,h
MRT,2012,44,49,h
MRT,2013,41,6,h
MRT,2013,42,18,h
MRT,2013,43,6,h
MRT,2014,41,9,h
MRT,2014,43,2,h
MRT,2014,44,14,h
MRT,2016,40,9,h
MRT,2016,41,28,h
MRT,2016,42,22,h
MRT,2016,43,11,h
MRT,2017,40,3,h
MRT,2017,41,3,h
MRT,2017,42,16,h
MRT,2017,43,12,h
MRT,2018,42,1,h
MRT,2018,43,9,h
MRT,2018,44,1,h
MRT,2019,41,2,h
MRT,2019,42,11,h
MRT,2020,41,1,h
MRT,2020,42,3,h
MRT,2020,43,19,h
MRT,2020,44,118,h
MRT,2021,40,16,h
MRT,2021,41,33,h
MRT,2021,42,17,h
MRT,2021,43,11,h
MRT,2022,41,1,h
MRT,2022,42,20,h
MRT,2022,43,14,h
MRT,2023,41,5,h
MRT,2023,42,27,h
MRT,2023,43,13,h
MRT,2024,43,8,h
MRT,2024,44,28,h
MUS,2012,41,2,h
MUS,2013,42,3,h
MUS,2013,43,5,h
MUS,2014,42,2,h
MUS,2015,42,2,h
MUS,2016,41,1,h
MUS,2016,42,3,h
MUS,2017,40,1,h
MUS,2018,43,2,h
MUS,2019,44,2,h
MUS,2020,42,3,h
MUS,2020,43,2,h
MUS,2022,41,2,h
MUS,2022,42,1,h
MUS,2024,41,1,h
MWI,2012,41,679,h
MWI,2012,42,507,h
MWI,2012,43,247,h
MWI,2012,44,73,h
MWI,2013,41,96,h
MWI,2013,42,254,h
MWI,2013,43,514,h
MWI,2013,44,583,h
MWI,2014,41,358,h
MWI,2014,42,166,h
MWI,2014,43,297,h
MWI,2014,44,229,h
MWI,2015,41,608,h
MWI,2015,42,498,h
MWI,2015,43,148,h
MWI,2015,44,97,h
MWI,2016,40,365,h
MWI,2016,41,256,h
MWI,2016,42,501,h
MWI,2016,43,413,h
MWI,2017,40,86,h
MWI,2017,41,137,h
MWI,2017,42,798,h
MWI,2017,43,261,h
MWI,2018,41,92,h
MWI,2018,42,321,h
MWI,2018,43,102,h
MWI,2018,44,251,h
MWI,2019,41,76,h
MWI,2019,42,65,h
MWI,2019,43,394,h
MWI,2019,44,455,h
MWI,2020,41,141,h
MWI,2020,42,47,h
MWI,2020,43,414,h
MWI,2020,44,66,h
MWI,2021,40,113,h
MWI,2021,41,98,h
MWI,2021,42,199,h
MWI,2021,43,155,h
MWI,2022,40,370,h
MWI,2022,41,407,h
MWI,2022,42,180,h
MWI,2022,43,319,h
MWI,2023,40,227,h
MWI,2023,41,276,h
MWI,2023,42,85,h
MWI,2023,43,516,h
MWI,2024,41,35,h
MWI,2024,42,183,h
MWI,2024,43,400,h
MWI,2024,44,144,h
MYS,2012,42,1,h
MYS,2012,43,8,h
MYS,2013,41,4,h
MYS,2013,42,4,h
MYS,2013,44,6,h
MYS,2014,42,1,h
MYS,2014,43,3,h
MYS,2014,44,3,h
MYS,2015,41,6,h
MYS,2015,42,3,h
MYS,2015,43,5,h
MYS,2016,41,1,h
MYS,2017,40,3,h
MYS,2017,42,8,h
MYS,2017,43,1,h
MYS,2018,41,1,h
MYS,2018,43,2,h
MYS,2019,41,2,h
MYS,2019,42,3,h
MYS,2019,44,1,h
MYS,2020,43,2,h
MYS,2020,44,1,h
MYS,2021,40,5,h
MYS,2021,41,4,h
MYS,2021,43,2,h
MYS,2022,41,1,h
MYS,2023,40,5,h
MYS,2023,41,3,h
MYS,2023,43,4,h
MYS,2024,43,4,h
MYS,2024,44,3,h
NAM,2012,41,300,h
NAM,2012,42,912,h
NAM,2012,43,352,h
NAM,2012,44,183,h
NAM,2013,41,576,h
NAM,2013,42,554,h
NAM,2013,43,172,h
NAM,2013,44,991,h
NAM,2014,41,108,h
NAM,2014,42,195,h
NAM,2014,43,772,h
NAM,2014,44,49,h
NAM,2015,41,468,h
NAM,2015,42,184,h
NAM,2015,43,477,h
NAM,2015,44,142,h
NAM,2016,40,536,h
NAM,2016,41,1260,h
NAM,2016,42,201,h
NAM,2016,43,108,h
NAM,2017,40,273,h
NAM,2017,41,945,h
NAM,2017,42,1182,h
NAM,2017,43,44,h
NAM,2018,41,583,h
NAM,2018,42,459,h
NAM,2018,43,41,h
NAM,2018,44,194,h
NAM,2019,41,116,h
NAM,2019,42,131,h
NAM,2019,43,83,h
NAM,2019,44,80,h
NAM,2020,41,1284,h
NAM,2020,42,1353,h
NAM,2020,43,1339,h
NAM,2020,44,370,h
NAM,2021,40,381,h
NAM,2021,41,659,h
NAM,2021,42,194,h
NAM,2021,43,51,h
NAM,2022,40,777,h
NAM,2022,41,535,h
NAM,2022,42,30,h
NAM,2022,43,36,h
NAM,2023,40,343,h
NAM,2023,41,159,h
NAM,2023,42,316,h
NAM,2023,43,487,h
NAM,2024,41,153,h
NAM,2024,42,3,h
NAM,2024,43,294,h
NAM,2024,44,169,h
NCL,2012,43,1,h
NCL,2013,41,4,h
NCL,2013,42,3,h
NCL,2013,44,3,h
NCL,2014,42,4,h
NCL,2014,43,1,h
NCL,2014,44,3,h
NCL,2015,41,6,h
NCL,2015,42,2,h
NCL,2015,44,7,h
NCL,2016,40,8,h
NCL,2016,42,1,h
NCL,2016,43,3,h
NCL,2017,40,15,h
NCL,2017,41,6,h
NCL,2017,42,10,h
NCL,2017,43,5,h
NCL,2018,41,2,h
NCL,2018,43,2,h
NCL,2018,44,6,h
NCL,2019,41,6,h
NCL,2019,42,15,h
NCL,2019,43,2,h
NCL,2019,44,28,h
NCL,2020,44,1,h
NCL,2021,40,2,h
NCL,2021,42,2,h
NCL,2021,43,1,h
NCL,2022,40,1,h
NCL,2022,41,1,h
NCL,2023,43,6,h
NCL,2024,41,6,h
NCL,2024,42,1,h
NCL,2024,44,2,h
NER,2012,41,31,h
NER,2012,42,92,h
NER,2012,43,24,h
NER,2012,44,125,h
NER,2013,41,16,h
NER,2013,42,17,h
NER,2013,43,63,h
NER,2013,44,15,h
NER,2014,41,12,h
NER,2014,42,57,h
NER,2014,43,41,h
NER,2014,44,30,h
NER,2015,42,44,h
NER,2015,43,4,h
NER,2015,44,26,h
NER,2016,40,38,h
NER,2016,41,73,h
NER,2016,42,59,h
NER,2016,43,143,h
NER,2017,40,43,h
NER,2017,41,114,h
NER,2017,42,16,h
NER,2017,43,37,h
NER,2018,41,10,h
NER,2018,42,139,h
NER,2018,43,11,h
NER,2018,44,68,h
NER,2019,42,11,h
NER,2019,43,24,h
NER,2019,44,64,h
NER,2020,41,14,h
NER,2020,42,21,h
NER,2020,43,51,h
NER,2020,44,63,h
NER,2021,40,73,h
NER,2021,41,132,h
NER,2021,42,28,h
NER,2021,43,106,h
NER,2022,40,15,h
NER,2022,41,30,h
NER,2022,42,112,h
NER,2022,43,20,h
NER,2023,40,6,h
NER,2023,41,58,h
NER,2023,42,53,h
NER,2023,43,82,h
NER,2024,41,25,h
NER,2024,42,14,h
NER,2024,43,75,h
NER,2024,44,65,h
NGA,2012,41,79,h
NGA,2012,42,176,h
NGA,2012,43,114,h
NGA,2012,44,251,h
NGA,2013,41,63,h
NGA,2013,42,162,h
NGA,2013,43,104,h
NGA,2013,44,65,h
NGA,2014,41,16,h
NGA,2014,42,8,h
NGA,2014,43,61,h
NGA,2014,44,128,h
NGA,2015,41,19,h
NGA,2015,42,112,h
NGA,2015,43,146,h
NGA,2015,44,204,h
NGA,2016,40,99,h
NGA,2016,41,264,h
NGA,2016,42,335,h
NGA,2016,43,423,h
NGA,2017,40,109,h
NGA,2017,41,693,h
NGA,2017,42,536,h
NGA,2017,43,482,h
NGA,2018,41,53,h
NGA,2018,42,658,h
NGA,2018,43,496,h
NGA,2018,44,542,h
NGA,2019,41,2,h
NGA,2019,42,11,h
NGA,2019,43,22,h
NGA,2019,44,244,h
NGA,2020,41,9,h
NGA,2020,42,29,h
NGA,2020,43,307,h
NGA,2020,44,267,h
NGA,2021,40,144,h
NGA,2021,41,266,h
NGA,2021,42,181,h
NGA,2021,43,600,h
NGA,2022,40,4,h
NGA,2022,41,12,h
NGA,2022,42,77,h
NGA,2022,43,192,h
NGA,2023,40,8,h
NGA,2023,41,161,h
NGA,2023,42,499,h
NGA,2023,43,614,h
NGA,2024,41,5,h
NGA,2024,42,103,h
NGA,2024,43,121,h
NGA,2024,44,240,h
NIC,2012,41,1,h
NIC,2012,42,1,h
NIC,2012,43,7,h
NIC,2012,44,1,h
NIC,2015,41,1,h
NIC,2016,40,1,h
NIC,2018,41,1,h
NIC,2021,43,1,h
NIC,2022,42,3,h
NIC,2022,43,7,h
NIC,2023,40,1,h
NIC,2023,42,2,h
NIC,2024,43,2,h
NLD,2012,44,1,h
NLD,2019,43,2,h
NOR,2015,42,1,h
NOR,2016,41,1,h
NPL,2012,44,1,h
NPL,2014,41,2,h
NPL,2015,42,1,h
NPL,2015,43,2,h
NPL,2018,44,5,h
NPL,2019,43,2,h
NPL,2020,42,1,h
NPL,2020,43,1,h
NPL,2020,44,1,h
NPL,2024,43,1,h
NPL,2024,44,1,h
NRU,2022,41,1,h
NZL,2012,42,6,h
NZL,2012,44,10,h
NZL,2013,41,2,h
NZL,2013,42,1,h
NZL,2013,43,3,h
NZL,2013,44,2,h
NZL,2014,41,4,h
NZL,2014,42,5,h
NZL,2014,44,2,h
NZL,2015,41,7,h
NZL,2015,43,3,h
NZL,2017,40,4,h
NZL,2017,41,1,h
NZL,2017,42,2,h
NZL,2018,41,3,h
NZL,2018,43,2,h
NZL,2018,44,1,h
NZL,2019,44,3,h
NZL,2020,41,2,h
NZL,2020,42,3,h
NZL,2020,43,2,h
NZL,2020,44,6,h
NZL,2022,40,5,h
NZL,2022,41,5,h
NZL,2022,42,1,h
NZL,2022,43,1,h
NZL,2023,43,1,h
NZL,2024,43,8,h
OMN,2012,41,9,h
OMN,2012,42,8,h
OMN,2012,43,2,h
OMN,2012,44,4,h
OMN,2013,41,2,h
OMN,2013,42,6,h
OMN,2013,43,3,h
OMN,2013,44,3,h
OMN,2014,41,1,h
OMN,2014,43,8,h
OMN,2014,44,5,h
OMN,2015,41,1,h
OMN,2015,42,1,h
OMN,2015,43,1,h
OMN,2015,44,4,h
OMN,2016,40,7,h
OMN,2016,41,2,h
OMN,2016,42,8,h
OMN,2016,43,13,h
OMN,2017,40,9,h
OMN,2017,41,7,h
OMN,2017,42,1,h
OMN,2017,43,13,h
OMN,2018,41,2,h
OMN,2018,42,10,h
OMN,2018,43,4,h
OMN,2018,44,3,h
OMN,2019,41,3,h
OMN,2019,42,3,h
OMN,2019,43,7,h
OMN,2019,44,5,h
OMN,2020,41,9,h
OMN,2020,42,2,h
OMN,2020,43,10,h
OMN,2020,44,5,h
OMN,2021,40,5,h
OMN,2021,41,7,h
OMN,2021,42,14,h
OMN,2021,43,4,h
OMN,2022,40,3,h
OMN,2022,41,4,h
OMN,2022,42,2,h
OMN,2022,43,2,h
OMN,2023,40,2,h
OMN,2023,41,2,h
OMN,2023,43,1,h
OMN,2024,41,1,h
OMN,2024,42,3,h
OMN,2024,43,5,h
OMN,2024,44,5,h
PAK,2012,41,11,h
PAK,2012,42,3,h
PAK,2012,43,1,h
PAK,2012,44,14,h
PAK,2013,41,5,h
PAK,2013,42,3,h
PAK,2013,43,7,h
PAK,2013,44,20,h
PAK,2014,41,7,h
PAK,2014,42,6,h
PAK,2014,43,11,h
PAK,2014,44,4,h
PAK,2015,41,11,h
PAK,2015,42,6,h
PAK,2015,43,5,h
PAK,2015,44,8,h
PAK,2016,40,3,h
PAK,2016,41,14,h
PAK,2016,42,13,h
PAK,2016,43,47,h
PAK,2017,40,8,h
PAK,2017,41,15,h
PAK,2017,42,27,h
PAK,2017,43,18,h
PAK,2018,41,10,h
PAK,2018,42,20,h
PAK,2018,43,15,h
PAK,2018,44,36,h
PAK,2019,41,4,h
PAK,2019,42,7,h
PAK,2019,43,20,h
PAK,2019,44,13,h
PAK,2020,41,23,h
PAK,2020,42,22,h
PAK,2020,43,23,h
PAK,2020,44,29,h
PAK,2021,40,8,h
PAK,2021,41,38,h
PAK,2021,42,48,h
PAK,2021,43,43,h
PAK,2022,40,6,h
PAK,2022,41,18,h
PAK,2022,42,14,h
PAK,2022,43,80,h
PAK,2023,40,17,h
PAK,2023,41,14,h
PAK,2023,42,7,h
PAK,2023,43,14,h
PAK,2024,41,16,h
PAK,2024,42,52,h
PAK,2024,43,26,h
PAK,2024,44,41,h
PER,2012,41,44,h
PER,2012,42,39,h
PER,2012,43,77,h
PER,2012,44,29,h
PER,2013,41,65,h
PER,2013,42,14,h
PER,2013,43,57,h
PER,2013,44,12,h
PER,2014,41,9,h
PER,2014,42,164,h
PER,2014,43,59,h
PER,2014,44,45,h
PER,2015,41,296,h
PER,2015,42,82,h
PER,2015,43,112,h
PER,2015,44,59,h
PER,2016,40,71,h
PER,2016,41,43,h
PER,2016,42,127,h
PER,2016,43,97,h
PER,2017,40,155,h
PER,2017,41,180,h
PER,2017,42,56,h
PER,2017,43,30,h
PER,2018,41,35,h
PER,2018,42,39,h
PER,2018,43,15,h
PER,2018,44,37,h
PER,2019,41,217,h
PER,2019,42,24,h
PER,2019,43,82,h
PER,2019,44,27,h
PER,2020,41,355,h
PER,2020,42,265,h
PER,2020,43,117,h
PER,2020,44,121,h
PER,2021,40,57,h
PER,2021,41,116,h
PER,2021,42,93,h
PER,2021,43,103,h
PER,2022,40,165,h
PER,2022,41,385,h
PER,2022,42,84,h
PER,2022,43,243,h
PER,2023,40,121,h
PER,2023,41,55,h
PER,2023,42,97,h
PER,2023,43,22,h
PER,2024,41,276,h
PER,2024,42,403,h
PER,2024,43,84,h
PER,2024,44,70,h
PHL,2012,41,1,h
PHL,2012,43,3,h
PHL,2012,44,2,h
PHL,2013,43,2,h
PHL,2013,44,1,h
PHL,2014,42,1,h
PHL,2014,43,1,h
PHL,2014,44,1,h
PHL,2015,43,6,h
PHL,2015,44,4,h
PHL,2016,43,1,h
PHL,2017,41,1,h
PHL,2017,42,1,h
PHL,2018,41,7,h
PHL,2018,43,4,h
PHL,2018,44,2,h
PHL,2019,42,1,h
PHL,2019,43,2,h
PHL,2023,40,9,h
PHL,2023,41,6,h
PHL,2023,42,2,h
PHL,2023,43,2,h
PNG,2012,41,43,h
PNG,2012,42,27,h
PNG,2012,43,10,h
PNG,2012,44,18,h
PNG,2013,41,2,h
PNG,2013,42,27,h
PNG,2013,43,8,h
PNG,2013,44,7,h
PNG,2014,41,96,h
PNG,2014,42,194,h
PNG,2014,43,20,h
PNG,2014,44,19,h
PNG,2015,41,246,h
PNG,2015,42,508,h
PNG,2015,43,559,h
PNG,2015,44,95,h
PNG,2016,40,15,h
PNG,2016,41,11,h
PNG,2016,42,15,h
PNG,2016,43,7,h
PNG,2017,40,47,h
PNG,2017,41,35,h
PNG,2017,42,5,h
PNG,2018,41,284,h
PNG,2018,42,35,h
PNG,2018,43,216,h
PNG,2018,44,4,h
PNG,2019,41,45,h
PNG,2019,42,167,h
PNG,2019,43,41,h
PNG,2019,44,1,h
PNG,2020,41,25,h
PNG,2020,42,30,h
PNG,2020,43,8,h
PNG,2020,44,15,h
PNG,2021,40,9,h
PNG,2021,41,14,h
PNG,2021,42,17,h
PNG,2021,43,33,h
PNG,2022,40,31,h
PNG,2022,41,15,h
PNG,2022,42,16,h
PNG,2022,43,31,h
PNG,2023,40,18,h
PNG,2023,41,13,h
PNG,2023,42,22,h
PNG,2023,43,149,h
PNG,2024,41,42,h
PNG,2024,42,14,h
PNG,2024,43,34,h
PNG,2024,44,2,h
POL,2012,42,4,h
POL,2013,43,1,h
POL,2013,44,2,h
POL,2014,41,2,h
POL,2014,43,1,h
POL,2014,44,3,h
POL,2015,41,2,h
POL,2015,44,3,h
POL,2017,40,1,h
POL,2017,42,1,h
POL,2018,41,4,h
POL,2018,42,1,h
POL,2018,44,2,h
POL,2019,42,2,h
POL,2019,44,3,h
POL,2020,43,2,h
POL,2021,43,1,h
POL,2022,42,1,h
PRK,2012,42,1,h
PRK,2013,42,7,h
PRK,2014,41,31,h
PRK,2014,42,50,h
PRK,2014,43,13,h
PRK,2014,44,10,h
PRK,2015,43,1,h
PRK,2016,42,2,h
PRK,2016,43,1,h
PRK,2017,40,27,h
PRK,2018,44,1,h
PRK,2019,44,2,h
PRK,2022,42,3,h
PRK,2023,42,1,h
PRT,2013,41,30,h
PRT,2013,42,19,h
PRT,2013,44,6,h
PRT,2014,43,1,h
PRT,2014,44,7,h
PRT,2016,40,16,h
PRT,2016,42,2,h
PRT,2016,43,2,h
PRT,2017,40,98,h
PRT,2017,41,498,h
PRT,2017,42,205,h
PRT,2017,43,1,h
PRT,2018,43,1,h
PRT,2019,41,3,h
PRT,2019,42,1,h
PRT,2019,43,1,h
PRT,2020,41,2,h
PRT,2020,42,1,h
PRT,2020,43,2,h
PRT,2020,44,3,h
PRT,2021,40,2,h
PRT,2021,41,6,h
PRT,2021,42,2,h
PRT,2021,43,8,h
PRT,2022,40,3,h
PRT,2023,40,2,h
PRT,2023,41,2,h
PRY,2012,41,237,h
PRY,2012,42,319,h
PRY,2012,43,272,h
PRY,2012,44,254,h
PRY,2013,41,676,h
PRY,2013,42,284,h
PRY,2013,43,581,h
PRY,2013,44,200,h
PRY,2014,41,368,h
PRY,2014,42,1070,h
PRY,2014,43,198,h
PRY,2014,44,126,h
PRY,2015,41,93,h
PRY,2015,42,179,h
PRY,2015,43,258,h
PRY,2015,44,132,h
PRY,2016,40,135,h
PRY,2016,41,564,h
PRY,2016,42,190,h
PRY,2016,43,165,h
PRY,2017,40,560,h
PRY,2017,41,97,h
PRY,2017,42,609,h
PRY,2017,43,186,h
PRY,2018,41,64,h
PRY,2018,42,83,h
PRY,2018,43,32,h
PRY,2018,44,165,h
PRY,2019,41,443,h
PRY,2019,42,21,h
PRY,2019,43,487,h
PRY,2019,44,873,h
PRY,2020,41,1039,h
PRY,2020,42,147,h
PRY,2020,43,120,h
PRY,2020,44,319,h
PRY,2021,40,60,h
PRY,2021,41,142,h
PRY,2021,42,306,h
PRY,2021,43,322,h
PRY,2022,40,139,h
PRY,2022,41,37,h
PRY,2022,42,108,h
PRY,2022,43,183,h
PRY,2023,40,614,h
PRY,2023,41,331,h
PRY,2023,42,582,h
PRY,2023,43,57,h
PRY,2024,41,134,h
PRY,2024,42,140,h
PRY,2024,43,141,h
PRY,2024,44,37,h
PSE,2013,44,1,h
PSE,2015,43,1,h
PSE,2016,40,3,h
PSE,2016,41,2,h
PSE,2017,41,1,h
PSE,2019,42,5,h
PSE,2020,42,1,h
PSE,2021,40,2,h
QAT,2012,41,20,h
QAT,2012,42,9,h
QAT,2012,43,2,h
QAT,2012,44,21,h
QAT,2013,41,4,h
QAT,2013,42,2,h
QAT,2013,43,6,h
QAT,2013,44,4,h
QAT,2014,41,2,h
QAT,2014,42,4,h
QAT,2014,43,6,h
QAT,2014,44,3,h
QAT,2015,43,4,h
QAT,2015,44,7,h
QAT,2016,41,1,h
QAT,2016,42,1,h
QAT,2016,43,2,h
QAT,2017,41,2,h
QAT,2017,42,4,h
QAT,2017,43,2,h
QAT,2018,41,1,h
QAT,2018,42,1,h
QAT,2019,43,2,h
QAT,2019,44,9,h
QAT,2020,41,1,h
QAT,2020,43,4,h
QAT,2020,44,1,h
QAT,2021,40,2,h
QAT,2021,41,1,h
QAT,2021,42,1,h
QAT,2021,43,5,h
QAT,2023,40,2,h
QAT,2023,41,1,h
QAT,2023,43,1,h
QAT,2024,41,1,h
QAT,2024,43,2,h
REU,2015,41,86,h
REU,2015,42,109,h
REU,2015,43,16,h
REU,2015,44,16,h
REU,2018,41,6,h
REU,2018,42,17,h
REU,2019,43,17,h
REU,2022,40,62,h
REU,2022,41,1,h
ROU,2012,41,29,h
ROU,2012,42,15,h
ROU,2012,43,8,h
ROU,2013,41,13,h
ROU,2013,42,1,h
ROU,2013,43,33,h
ROU,2013,44,28,h
ROU,2014,41,17,h
ROU,2014,42,16,h
ROU,2014,43,7,h
ROU,2014,44,1,h
ROU,2015,41,1,h
ROU,2015,44,2,h
ROU,2016,40,11,h
ROU,2016,41,1,h
ROU,2016,43,1,h
ROU,2017,40,34,h
ROU,2017,41,22,h
ROU,2017,42,18,h
ROU,2018,41,49,h
ROU,2018,42,55,h
ROU,2018,43,29,h
ROU,2018,44,16,h
ROU,2019,41,49,h
ROU,2019,42,83,h
ROU,2019,43,69,h
ROU,2019,44,7,h
ROU,2020,41,3,h
ROU,2020,43,5,h
ROU,2021,40,6,h
ROU,2021,42,1,h
ROU,2021,43,18,h
ROU,2022,40,1,h
ROU,2022,41,5,h
ROU,2022,42,11,h
ROU,2022,43,3,h
ROU,2023,40,13,h
ROU,2023,41,13,h
ROU,2023,42,11,h
ROU,2023,43,3,h
ROU,2024,41,1,h
ROU,2024,42,1,h
ROU,2024,43,3,h
ROU,2024,44,2,h
RUS,2012,41,209,h
RUS,2012,42,151,h
RUS,2012,43,169,h
RUS,2012,44,170,h
RUS,2013,41,243,h
RUS,2013,42,266,h
RUS,2013,43,124,h
RUS,2013,44,143,h
RUS,2014,41,850,h
RUS,2014,42,750,h
RUS,2014,43,363,h
RUS,2014,44,82,h
RUS,2015,41,521,h
RUS,2015,42,258,h
RUS,2015,43,346,h
RUS,2015,44,58,h
RUS,2016,40,239,h
RUS,2016,41,131,h
RUS,2016,42,99,h
RUS,2016,43,1067,h
RUS,2017,40,369,h
RUS,2017,41,307,h
RUS,2017,42,161,h
RUS,2017,43,222,h
RUS,2018,41,594,h
RUS,2018,42,522,h
RUS,2018,43,143,h
RUS,2018,44,157,h
RUS,2019,41,357,h
RUS,2019,42,356,h
RUS,2019,43,278,h
RUS,2019,44,178,h
RUS,2020,41,519,h
RUS,2020,42,341,h
RUS,2020,43,145,h
RUS,2020,44,217,h
RUS,2021,40,230,h
RUS,2021,41,249,h
RUS,2021,42,449,h
RUS,2021,43,405,h
RUS,2022,40,184,h
RUS,2022,41,172,h
RUS,2022,42,161,h
RUS,2022,43,126,h
RUS,2023,40,147,h
RUS,2023,41,208,h
RUS,2023,42,240,h
RUS,2023,43,187,h
RUS,2024,41,421,h
RUS,2024,42,105,h
RUS,2024,43,57,h
RUS,2024,44,47,h
RWA,2013,42,5,h
RWA,2013,43,1,h
RWA,2015,41,4,h
RWA,2016,41,3,h
RWA,2016,42,2,h
RWA,2017,40,3,h
RWA,2020,41,1,h
RWA,2022,41,1,h
RWA,2022,43,2,h
SAU,2012,41,23,h
SAU,2012,42,21,h
SAU,2012,43,9,h
SAU,2012,44,24,h
SAU,2013,41,9,h
SAU,2013,42,12,h
SAU,2013,43,11,h
SAU,2013,44,11,h
SAU,2014,41,4,h
SAU,2014,42,4,h
SAU,2014,43,11,h
SAU,2014,44,12,h
SAU,2015,41,15,h
SAU,2015,42,9,h
SAU,2015,43,9,h
SAU,2015,44,14,h
SAU,2016,40,11,h
SAU,2016,41,10,h
SAU,2016,42,27,h
SAU,2016,43,11,h
SAU,2017,40,11,h
SAU,2017,41,16,h
SAU,2017,42,15,h
SAU,2017,43,14,h
SAU,2018,41,17,h
SAU,2018,42,5,h
SAU,2018,43,5,h
SAU,2018,44,11,h
SAU,2019,41,22,h
SAU,2019,42,12,h
SAU,2019,43,9,h
SAU,2019,44,27,h
SAU,2020,41,6,h
SAU,2020,42,5,h
SAU,2020,43,9,h
SAU,2020,44,12,h
SAU,2021,40,11,h
SAU,2021,41,10,h
SAU,2021,42,4,h
SAU,2022,40,20,h
SAU,2022,41,20,h
SAU,2022,42,14,h
SAU,2022,43,17,h
SAU,2023,40,25,h
SAU,2023,41,32,h
SAU,2023,42,11,h
SAU,2023,43,11,h
SAU,2024,41,25,h
SAU,2024,42,14,h
SAU,2024,43,8,h
SAU,2024,44,6,h
SDN,2012,41,177,h
SDN,2012,42,239,h
SDN,2012,43,607,h
SDN,2012,44,738,h
SDN,2013,41,129,h
SDN,2013,42,378,h
SDN,2013,43,487,h
SDN,2013,44,976,h
SDN,2014,41,3,h
SDN,2014,42,129,h
SDN,2014,43,175,h
SDN,2014,44,540,h
SDN,2015,41,38,h
SDN,2015,42,43,h
SDN,2015,43,25,h
SDN,2015,44,227,h
SDN,2016,40,39,h
SDN,2016,41,184,h
SDN,2016,42,409,h
SDN,2016,43,782,h
SDN,2017,40,12,h
SDN,2017,41,53,h
SDN,2017,42,512,h
SDN,2017,43,671,h
SDN,2018,41,178,h
SDN,2018,42,300,h
SDN,2018,43,249,h
SDN,2018,44,560,h
SDN,2019,41,6,h
SDN,2019,42,14,h
SDN,2019,43,49,h
SDN,2019,44,351,h
SDN,2020,41,52,h
SDN,2020,42,153,h
SDN,2020,43,374,h
SDN,2020,44,324,h
SDN,2021,40,113,h
SDN,2021,41,60,h
SDN,2021,42,280,h
SDN,2021,43,506,h
SDN,2022,40,26,h
SDN,2022,41,188,h
SDN,2022,42,87,h
SDN,2022,43,171,h
SDN,2023,40,32,h
SDN,2023,41,84,h
SDN,2023,42,362,h
SDN,2023,43,351,h
SDN,2024,41,85,h
SDN,2024,42,375,h
SDN,2024,43,348,h
SDN,2024,44,238,h
SEN,2012,41,1,h
SEN,2012,43,107,h
SEN,2012,44,273,h
SEN,2013,41,1,h
SEN,2013,42,70,h
SEN,2013,43,50,h
SEN,2013,44,22,h
SEN,2014,41,23,h
SEN,2014,42,49,h
SEN,2014,43,85,h
SEN,2014,44,194,h
SEN,2015,44,44,h
SEN,2016,40,7,h
SEN,2016,41,54,h
SEN,2016,42,184,h
SEN,2016,43,165,h
SEN,2017,40,15,h
SEN,2017,41,115,h
SEN,2017,42,156,h
SEN,2017,43,606,h
SEN,2018,41,4,h
SEN,2018,42,18,h
SEN,2018,43,18,h
SEN,2018,44,142,h
SEN,2019,43,68,h
SEN,2019,44,524,h
SEN,2020,41,1,h
SEN,2020,42,43,h
SEN,2020,43,591,h
SEN,2020,44,916,h
SEN,2021,40,2,h
SEN,2021,41,61,h
SEN,2021,42,162,h
SEN,2021,43,110,h
SEN,2022,41,19,h
SEN,2022,42,46,h
SEN,2022,43,384,h
SEN,2023,40,13,h
SEN,2023,41,29,h
SEN,2023,42,265,h
SEN,2023,43,175,h
SEN,2024,42,1,h
SEN,2024,43,117,h
SEN,2024,44,459,h
SGP,2014,42,2,h
SGP,2014,43,2,h
SLB,2018,41,1,h
SLB,2019,42,1,h
SLB,2021,43,1,h
SLB,2023,40,2,h
SLB,2023,43,2,h
SLE,2012,43,1,h
SLE,2020,43,1,h
SLV,2012,42,2,h
SLV,2018,44,1,h
SOM,2012,41,3,h
SOM,2013,44,1,h
SOM,2014,41,2,h
SOM,2015,41,1,h
SOM,2015,42,2,h
SOM,2015,43,1,h
SOM,2016,43,2,h
SOM,2017,40,5,h
SOM,2017,42,1,h
SOM,2020,42,6,h
SOM,2021,40,2,h
SOM,2021,41,3,h
SOM,2022,40,1,h
SOM,2022,42,2,h
SOM,2022,43,2,h
SOM,2024,43,1,h
SOM,2024,44,1,h
SRB,2012,41,18,h
SRB,2012,42,60,h
SRB,2012,43,3,h
SRB,2013,41,8,h
SRB,2013,43,26,h
SRB,2013,44,22,h
SRB,2014,41,2,h
SRB,2014,42,1,h
SRB,2015,43,1,h
SRB,2015,44,6,h
SRB,2016,40,16,h
SRB,2017,40,8,h
SRB,2017,41,13,h
SRB,2017,42,20,h
SRB,2018,41,81,h
SRB,2018,42,69,h
SRB,2018,43,3,h
SRB,2018,44,5,h
SRB,2019,41,45,h
SRB,2019,42,84,h
SRB,2019,43,187,h
SRB,2019,44,23,h
SRB,2020,41,1,h
SRB,2020,43,1,h
SRB,2020,44,1,h
SRB,2021,43,8,h
SRB,2022,41,3,h
SRB,2022,42,2,h
SRB,2023,40,25,h
SRB,2023,41,41,h
SRB,2023,42,17,h
SRB,2023,43,6,h
SRB,2024,41,2,h
SRB,2024,42,11,h
SRB,2024,43,2,h
SSD,2012,41,64,h
SSD,2012,42,132,h
SSD,2012,43,200,h
SSD,2012,44,186,h
SSD,2013,41,12,h
SSD,2013,42,70,h
SSD,2013,43,145,h
SSD,2013,44,873,h
SSD,2014,41,12,h
SSD,2014,42,58,h
SSD,2014,43,62,h
SSD,2014,44,85,h
SSD,2015,41,175,h
SSD,2015,42,55,h
SSD,2015,43,27,h
SSD,2015,44,192,h
SSD,2016,40,40,h
SSD,2016,41,104,h
SSD,2016,42,237,h
SSD,2016,43,629,h
SSD,2017,40,13,h
SSD,2017,41,11,h
SSD,2017,42,228,h
SSD,2017,43,162,h
SSD,2018,41,46,h
SSD,2018,42,68,h
SSD,2018,43,310,h
SSD,2018,44,376,h
SSD,2019,41,16,h
SSD,2019,42,11,h
SSD,2019,43,28,h
SSD,2019,44,201,h
SSD,2020,41,13,h
SSD,2020,42,21,h
SSD,2020,43,53,h
SSD,2020,44,110,h
SSD,2021,40,21,h
SSD,2021,41,35,h
SSD,2021,42,54,h
SSD,2021,43,210,h
SSD,2022,40,2,h
SSD,2022,41,15,h
SSD,2022,42,18,h
SSD,2022,43,138,h
SSD,2023,40,64,h
SSD,2023,41,47,h
SSD,2023,42,91,h
SSD,2023,43,68,h
SSD,2024,41,1,h
SSD,2024,42,13,h
SSD,2024,43,16,h
SSD,2024,44,64,h
SUR,2012,41,1,h
SUR,2012,42,8,h
SUR,2012,43,14,h
SUR,2012,44,3,h
SUR,2013,42,3,h
SUR,2013,43,1,h
SUR,2013,44,1,h
SUR,2014,41,9,h
SUR,2014,42,12,h
SUR,2014,43,2,h
SUR,2014,44,19,h
SUR,2015,41,9,h
SUR,2015,42,15,h
SUR,2015,43,29,h
SUR,2015,44,8,h
SUR,2016,40,4,h
SUR,2016,41,2,h
SUR,2016,42,24,h
SUR,2016,43,11,h
SUR,2017,40,5,h
SUR,2017,41,3,h
SUR,2017,42,4,h
SUR,2018,41,16,h
SUR,2018,43,12,h
SUR,2019,41,17,h
SUR,2019,42,5,h
SUR,2019,43,3,h
SUR,2019,44,7,h
SUR,2020,41,3,h
SUR,2020,42,37,h
SUR,2020,43,3,h
SUR,2020,44,1,h
SUR,2021,40,9,h
SUR,2021,41,7,h
SUR,2021,42,2,h
SUR,2021,43,4,h
SUR,2022,40,10,h
SUR,2023,40,16,h
SUR,2023,41,41,h
SUR,2023,42,5,h
SUR,2023,43,9,h
SUR,2024,41,10,h
SUR,2024,42,12,h
SUR,2024,43,7,h
SUR,2024,44,15,h
SVK,2012,41,1,h
SVK,2013,41,2,h
SVK,2013,44,1,h
SVK,2014,44,1,h
SWE,2012,42,1,h
SWE,2016,40,1,h
SWE,2017,40,1,h
SWE,2021,40,2,h
SWE,2023,42,1,h
SWE,2024,43,2,h
SWZ,2012,42,1,h
SWZ,2013,41,10,h
SWZ,2013,42,6,h
SWZ,2013,44,5,h
SWZ,2014,41,80,h
SWZ,2014,42,1,h
SWZ,2014,43,5,h
SWZ,2014,44,11,h
SWZ,2015,41,26,h
SWZ,2015,42,5,h
SWZ,2015,43,29,h
SWZ,2015,44,10,h
SWZ,2016,41,2,h
SWZ,2016,43,2,h
SWZ,2017,41,13,h
SWZ,2017,42,4,h
SWZ,2017,43,1,h
SWZ,2018,41,2,h
SWZ,2018,42,4,h
SWZ,2018,43,14,h
SWZ,2018,44,10,h
SWZ,2019,41,4,h
SWZ,2019,42,10,h
SWZ,2019,43,1,h
SWZ,2020,41,16,h
SWZ,2020,42,14,h
SWZ,2020,43,11,h
SWZ,2020,44,17,h
SWZ,2021,40,1,h
SWZ,2021,41,23,h
SWZ,2021,42,11,h
SWZ,2022,40,14,h
SWZ,2022,41,9,h
SWZ,2022,42,5,h
SWZ,2023,40,3,h
SWZ,2023,42,1,h
SWZ,2023,43,4,h
SWZ,2024,41,16,h
SWZ,2024,42,11,h
SWZ,2024,43,24,h
SYR,2012,41,5,h
SYR,2012,42,5,h
SYR,2012,43,2,h
SYR,2012,44,3,h
SYR,2013,41,19,h
SYR,2013,42,2,h
SYR,2013,43,5,h
SYR,2013,44,8,h
SYR,2014,41,8,h
SYR,2015,41,3,h
SYR,2015,42,2,h
SYR,2015,43,2,h
SYR,2015,44,3,h
SYR,2016,40,12,h
SYR,2016,41,8,h
SYR,2016,42,17,h
SYR,2016,43,5,h
SYR,2017,40,4,h
SYR,2017,42,1,h
SYR,2018,41,1,h
SYR,2018,43,2,h
SYR,2019,41,32,h
SYR,2019,42,50,h
SYR,2019,43,18,h
SYR,2019,44,12,h
SYR,2020,41,100,h
SYR,2020,42,19,h
SYR,2020,43,7,h
SYR,2020,44,4,h
SYR,2021,40,18,h
SYR,2021,41,3,h
SYR,2021,43,1,h
SYR,2023,40,25,h
SYR,2023,41,4,h
SYR,2023,42,9,h
SYR,2023,43,1,h
SYR,2024,41,9,h
SYR,2024,42,1,h
SYR,2024,43,6,h
SYR,2024,44,17,h
TCD,2012,41,30,h
TCD,2012,42,460,h
TCD,2012,43,318,h
TCD,2012,44,823,h
TCD,2013,41,44,h
TCD,2013,42,144,h
TCD,2013,43,216,h
TCD,2013,44,467,h
TCD,2014,41,22,h
TCD,2014,42,47,h
TCD,2014,43,80,h
TCD,2014,44,565,h
TCD,2015,41,34,h
TCD,2015,42,106,h
TCD,2015,43,124,h
TCD,2015,44,100,h
TCD,2016,40,187,h
TCD,2016,41,102,h
TCD,2016,42,643,h
TCD,2016,43,555,h
TCD,2017,40,45,h
TCD,2017,41,234,h
TCD,2017,42,284,h
TCD,2017,43,512,h
TCD,2018,41,40,h
TCD,2018,42,542,h
TCD,2018,43,501,h
TCD,2018,44,635,h
TCD,2019,41,3,h
TCD,2019,42,3,h
TCD,2019,43,65,h
TCD,2019,44,255,h
TCD,2020,41,23,h
TCD,2020,42,313,h
TCD,2020,43,593,h
TCD,2020,44,389,h
TCD,2021,40,81,h
TCD,2021,41,136,h
TCD,2021,42,74,h
TCD,2021,43,687,h
TCD,2022,40,18,h
TCD,2022,41,61,h
TCD,2022,42,127,h
TCD,2022,43,377,h
TCD,2023,40,32,h
TCD,2023,41,74,h
TCD,2023,42,412,h
TCD,2023,43,419,h
TCD,2024,41,15,h
TCD,2024,42,17,h
TCD,2024,43,100,h
TCD,2024,44,319,h
TGO,2012,44,2,h
TGO,2013,43,2,h
TGO,2016,42,1,h
TGO,2017,43,1,h
TGO,2020,44,1,h
TGO,2022,43,1,h
TGO,2023,43,3,h
TGO,2024,44,5,h
THA,2012,41,2,h
THA,2012,43,2,h
THA,2012,44,1,h
THA,2013,42,2,h
THA,2013,43,1,h
THA,2013,44,2,h
THA,2014,42,2,h
THA,2016,40,2,h
THA,2016,41,1,h
THA,2017,42,1,h
THA,2018,44,1,h
THA,2019,41,1,h
THA,2019,42,1,h
THA,2019,43,5,h
THA,2022,43,1,h
THA,2023,43,1,h
THA,2024,42,2,h
THA,2024,44,1,h
TJK,2016,43,4,h
TJK,2019,41,1,h
TJK,2020,43,2,h
TJK,2020,44,1,h
TJK,2024,41,2,h
TKM,2012,41,36,h
TKM,2012,42,29,h
TKM,2012,43,15,h
TKM,2012,44,15,h
TKM,2013,41,5,h
TKM,2013,42,25,h
TKM,2013,43,12,h
TKM,2013,44,13,h
TKM,2014,41,19,h
TKM,2014,42,10,h
TKM,2014,43,1,h
TKM,2014,44,4,h
TKM,2015,41,5,h
TKM,2015,42,7,h
TKM,2015,43,19,h
TKM,2015,44,2,h
TKM,2016,40,13,h
TKM,2016,41,4,h
TKM,2016,42,3,h
TKM,2016,43,6,h
TKM,2017,40,8,h
TKM,2017,41,13,h
TKM,2017,42,6,h
TKM,2017,43,5,h
TKM,2018,41,6,h
TKM,2018,42,10,h
TKM,2018,43,2,h
TKM,2018,44,11,h
TKM,2019,41,8,h
TKM,2019,42,11,h
TKM,2019,43,24,h
TKM,2019,44,1,h
TKM,2020,41,17,h
TKM,2020,42,13,h
TKM,2020,43,21,h
TKM,2020,44,14,h
TKM,2021,40,7,h
TKM,2021,41,14,h
TKM,2021,42,5,h
TKM,2021,43,3,h
TKM,2022,40,6,h
TKM,2022,42,1,h
TKM,2023,40,3,h
TKM,2023,41,6,h
TKM,2023,42,7,h
TKM,2023,43,2,h
TKM,2024,41,4,h
TKM,2024,42,6,h
TKM,2024,43,3,h
TKM,2024,44,8,h
TLS,2012,41,8,h
TLS,2012,42,5,h
TLS,2012,43,14,h
TLS,2012,44,3,h
TLS,2013,41,10,h
TLS,2013,42,14,h
TLS,2013,43,5,h
TLS,2013,44,3,h
TLS,2014,41,14,h
TLS,2014,42,16,h
TLS,2014,43,9,h
TLS,2014,44,33,h
TLS,2015,41,20,h
TLS,2015,42,6,h
TLS,2015,43,26,h
TLS,2015,44,19,h
TLS,2016,41,9,h
TLS,2016,42,3,h
TLS,2017,40,2,h
TLS,2017,41,13,h
TLS,2017,43,8,h
TLS,2018,41,31,h
TLS,2018,42,3,h
TLS,2018,43,22,h
TLS,2018,44,4,h
TLS,2019,41,20,h
TLS,2019,42,58,h
TLS,2019,43,20,h
TLS,2019,44,8,h
TLS,2020,42,7,h
TLS,2020,43,7,h
TLS,2020,44,4,h
TLS,2021,40,14,h
TLS,2021,41,1,h
TLS,2021,43,2,h
TLS,2022,40,2,h
TLS,2022,42,2,h
TLS,2023,40,4,h
TLS,2023,41,20,h
TLS,2023,42,21,h
TLS,2023,43,21,h
TLS,2024,41,11,h
TLS,2024,42,5,h
TLS,2024,43,1,h
TLS,2024,44,3,h
TON,2012,42,1,h
TON,2012,44,1,h
TON,2019,42,1,h
TON,2022,40,1,h
TTO,2016,42,1,h
TTO,2018,43,1,h
TUN,2013,41,1,h
TUN,2013,44,3,h
TUN,2020,43,1,h
TUN,2021,40,2,h
TUN,2022,42,3,h
TUN,2022,43,1,h
TUN,2023,41,2,h
TUN,2023,42,4,h
TUR,2012,41,6,h
TUR,2012,42,30,h
TUR,2012,43,2,h
TUR,2012,44,6,h
TUR,2013,41,99,h
TUR,2013,42,56,h
TUR,2013,43,45,h
TUR,2013,44,45,h
TUR,2014,41,33,h
TUR,2014,42,9,h
TUR,2014,43,24,h
TUR,2014,44,4,h
TUR,2015,41,244,h
TUR,2015,42,74,h
TUR,2015,43,56,h
TUR,2015,44,22,h
TUR,2016,40,117,h
TUR,2016,41,48,h
TUR,2016,42,102,h
TUR,2016,43,17,h
TUR,2017,40,72,h
TUR,2017,41,55,h
TUR,2017,42,57,h
TUR,2017,43,22,h
TUR,2018,41,17,h
TUR,2018,42,22,h
TUR,2018,43,5,h
TUR,2018,44,47,h
TUR,2019,41,35,h
TUR,2019,42,46,h
TUR,2019,43,42,h
TUR,2019,44,31,h
TUR,2020,41,84,h
TUR,2020,42,95,h
TUR,2020,43,45,h
TUR,2020,44,82,h
TUR,2021,40,24,h
TUR,2021,41,25,h
TUR,2021,42,24,h
TUR,2021,43,26,h
TUR,2022,40,16,h
TUR,2022,41,4,h
TUR,2022,42,15,h
TUR,2022,43,26,h
TUR,2023,40,40,h
TUR,2023,41,45,h
TUR,2023,42,51,h
TUR,2023,43,15,h
TUR,2024,41,73,h
TUR,2024,42,37,h
TUR,2024,43,81,h
TUR,2024,44,85,h
TWN,2012,41,1,h
TWN,2014,43,1,h
TWN,2017,40,1,h
TWN,2017,41,1,h
TWN,2017,43,1,h
TWN,2018,42,1,h
TWN,2018,44,3,h
TWN,2024,42,1,h
TZA,2012,41,1848,h
TZA,2012,42,1517,h
TZA,2012,43,1083,h
TZA,2012,44,190,h
TZA,2013,41,837,h
TZA,2013,42,1028,h
TZA,2013,43,1291,h
TZA,2013,44,1036,h
TZA,2014,41,1564,h
TZA,2014,42,1026,h
TZA,2014,43,929,h
TZA,2014,44,375,h
TZA,2015,41,1007,h
TZA,2015,42,1271,h
TZA,2015,43,438,h
TZA,2015,44,173,h
TZA,2016,40,1123,h
TZA,2016,41,1723,h
TZA,2016,42,1622,h
TZA,2016,43,1093,h
TZA,2017,40,941,h
TZA,2017,41,911,h
TZA,2017,42,2409,h
TZA,2017,43,562,h
TZA,2018,41,412,h
TZA,2018,42,1404,h
TZA,2018,43,433,h
TZA,2018,44,535,h
TZA,2019,41,611,h
TZA,2019,42,152,h
TZA,2019,43,743,h
TZA,2019,44,1642,h
TZA,2020,41,2679,h
TZA,2020,42,382,h
TZA,2020,43,925,h
TZA,2020,44,310,h
TZA,2021,40,1276,h
TZA,2021,41,549,h
TZA,2021,42,1115,h
TZA,2021,43,642,h
TZA,2022,40,2038,h
TZA,2022,41,1770,h
TZA,2022,42,941,h
TZA,2022,43,1343,h
TZA,2023,40,2372,h
TZA,2023,41,1639,h
TZA,2023,42,1109,h
TZA,2023,43,1296,h
TZA,2024,41,556,h
TZA,2024,42,1166,h
TZA,2024,43,1027,h
TZA,2024,44,454,h
UGA,2012,41,4,h
UGA,2012,42,25,h
UGA,2012,43,12,h
UGA,2013,41,32,h
UGA,2013,42,23,h
UGA,2013,43,40,h
UGA,2013,44,96,h
UGA,2014,41,1,h
UGA,2014,44,4,h
UGA,2015,41,199,h
UGA,2015,42,22,h
UGA,2015,43,4,h
UGA,2015,44,2,h
UGA,2016,40,26,h
UGA,2016,41,143,h
UGA,2016,42,150,h
UGA,2016,43,93,h
UGA,2017,40,5,h
UGA,2017,41,1,h
UGA,2018,41,12,h
UGA,2018,42,20,h
UGA,2018,43,68,h
UGA,2018,44,62,h
UGA,2020,41,15,h
UGA,2020,42,1,h
UGA,2020,43,22,h
UGA,2020,44,24,h
UGA,2021,40,2,h
UGA,2021,42,40,h
UGA,2021,43,48,h
UGA,2022,40,2,h
UGA,2022,41,21,h
UGA,2022,42,84,h
UGA,2022,43,143,h
UGA,2023,40,44,h
UGA,2023,41,40,h
UGA,2023,42,2,h
UGA,2023,43,22,h
UGA,2024,41,4,h
UGA,2024,42,5,h
UGA,2024,43,9,h
UGA,2024,44,5,h
UKR,2012,41,15,h
UKR,2012,42,37,h
UKR,2012,43,23,h
UKR,2013,41,31,h
UKR,2013,42,18,h
UKR,2013,43,15,h
UKR,2013,44,73,h
UKR,2014,41,725,h
UKR,2014,42,356,h
UKR,2014,43,18,h
UKR,2014,44,126,h
UKR,2015,41,332,h
UKR,2015,42,563,h
UKR,2015,43,25,h
UKR,2015,44,29,h
UKR,2016,40,26,h
UKR,2016,41,2,h
UKR,2016,42,7,h
UKR,2016,43,13,h
UKR,2017,40,68,h
UKR,2017,41,37,h
UKR,2017,42,40,h
UKR,2017,43,2,h
UKR,2018,41,244,h
UKR,2018,42,377,h
UKR,2018,43,40,h
UKR,2018,44,2,h
UKR,2019,41,91,h
UKR,2019,42,402,h
UKR,2019,43,45,h
UKR,2019,44,30,h
UKR,2020,41,100,h
UKR,2020,42,30,h
UKR,2020,43,41,h
UKR,2020,44,18,h
UKR,2021,40,42,h
UKR,2021,41,11,h
UKR,2021,42,38,h
UKR,2021,43,90,h
UKR,2022,40,12,h
UKR,2022,41,6,h
UKR,2022,42,14,h
UKR,2022,43,2,h
UKR,2023,40,65,h
UKR,2023,41,45,h
UKR,2023,42,23,h
UKR,2023,43,15,h
UKR,2024,41,26,h
UKR,2024,43,19,h
UKR,2024,44,6,h
URY,2012,43,3,h
URY,2013,41,11,h
URY,2013,42,1,h
URY,2014,43,7,h
URY,2015,42,2,h
URY,2015,43,1,h
URY,2016,40,4,h
URY,2017,40,2,h
URY,2017,42,1,h
URY,2018,41,1,h
URY,2018,42,3,h
URY,2018,43,1,h
URY,2018,44,5,h
URY,2019,41,6,h
URY,2019,43,7,h
URY,2020,41,13,h
URY,2020,42,17,h
URY,2021,40,6,h
URY,2021,42,4,h
URY,2021,43,3,h
URY,2022,40,4,h
URY,2022,41,5,h
URY,2022,43,9,h
URY,2023,40,4,h
URY,2023,41,3,h
URY,2023,42,2,h
URY,2023,43,3,h
URY,2024,42,2,h
URY,2024,44,3,h
USA,2012,41,515,h
USA,2012,42,433,h
USA,2012,43,346,h
USA,2012,44,484,h
USA,2013,41,403,h
USA,2013,42,200,h
USA,2013,43,600,h
USA,2013,44,145,h
USA,2014,41,326,h
USA,2014,42,269,h
USA,2014,43,741,h
USA,2014,44,309,h
USA,2015,41,251,h
USA,2015,42,866,h
USA,2015,43,604,h
USA,2015,44,114,h
USA,2016,40,417,h
USA,2016,41,565,h
USA,2016,42,516,h
USA,2016,43,267,h
USA,2017,40,496,h
USA,2017,41,1307,h
USA,2017,42,532,h
USA,2017,43,699,h
USA,2018,41,172,h
USA,2018,42,315,h
USA,2018,43,260,h
USA,2018,44,306,h
USA,2019,41,316,h
USA,2019,42,268,h
USA,2019,43,464,h
USA,2019,44,105,h
USA,2020,41,1547,h
USA,2020,42,1288,h
USA,2020,43,879,h
USA,2020,44,374,h
USA,2021,40,377,h
USA,2021,41,201,h
USA,2021,42,272,h
USA,2021,43,421,h
USA,2022,40,399,h
USA,2022,41,347,h
USA,2022,42,651,h
USA,2022,43,221,h
USA,2023,40,313,h
USA,2023,41,390,h
USA,2023,42,871,h
USA,2023,43,198,h
USA,2024,41,1107,h
USA,2024,42,673,h
USA,2024,43,707,h
USA,2024,44,266,h
UZB,2012,41,14,h
UZB,2012,42,2,h
UZB,2012,43,4,h
UZB,2012,44,3,h
UZB,2013,41,18,h
UZB,2013,42,5,h
UZB,2013,43,4,h
UZB,2013,44,1,h
UZB,2014,41,16,h
UZB,2014,42,6,h
UZB,2014,43,1,h
UZB,2014,44,2,h
UZB,2015,41,2,h
UZB,2015,43,1,h
UZB,2015,44,1,h
UZB,2016,40,4,h
UZB,2016,41,6,h
UZB,2016,42,3,h
UZB,2016,43,1,h
UZB,2017,41,12,h
UZB,2017,42,2,h
UZB,2017,43,11,h
UZB,2018,41,18,h
UZB,2018,42,5,h
UZB,2018,43,25,h
UZB,2018,44,8,h
UZB,2019,41,2,h
UZB,2019,42,4,h
UZB,2019,43,3,h
UZB,2020,41,6,h
UZB,2020,42,54,h
UZB,2020,43,7,h
UZB,2020,44,1,h
UZB,2021,40,6,h
UZB,2021,41,5,h
UZB,2021,42,3,h
UZB,2021,43,2,h
UZB,2022,40,8,h
UZB,2022,41,3,h
UZB,2022,42,1,h
UZB,2023,40,1,h
UZB,2023,41,3,h
UZB,2023,42,1,h
UZB,2024,41,9,h
UZB,2024,42,3,h
UZB,2024,43,3,h
UZB,2024,44,2,h
VEN,2012,41,34,h
VEN,2012,42,50,h
VEN,2012,43,35,h
VEN,2012,44,91,h
VEN,2013,41,79,h
VEN,2013,42,73,h
VEN,2013,43,83,h
VEN,2013,44,7,h
VEN,2014,41,42,h
VEN,2014,42,66,h
VEN,2014,43,28,h
VEN,2014,44,36,h
VEN,2015,41,102,h
VEN,2015,42,103,h
VEN,2015,43,124,h
VEN,2015,44,82,h
VEN,2016,40,51,h
VEN,2016,41,40,h
VEN,2016,42,90,h
VEN,2016,43,57,h
VEN,2017,40,26,h
VEN,2017,41,64,h
VEN,2017,42,47,h
VEN,2017,43,19,h
VEN,2018,41,54,h
VEN,2018,42,35,h
VEN,2018,43,31,h
VEN,2018,44,89,h
VEN,2019,41,16,h
VEN,2019,42,20,h
VEN,2019,43,73,h
VEN,2019,44,60,h
VEN,2020,41,30,h
VEN,2020,42,58,h
VEN,2020,43,39,h
VEN,2020,44,52,h
VEN,2021,40,75,h
VEN,2021,41,52,h
VEN,2021,42,67,h
VEN,2021,43,14,h
VEN,2022,40,48,h
VEN,2022,41,42,h
VEN,2022,42,63,h
VEN,2022,43,28,h
VEN,2023,40,31,h
VEN,2023,41,132,h
VEN,2023,42,55,h
VEN,2023,43,56,h
VEN,2024,41,53,h
VEN,2024,42,90,h
VEN,2024,43,80,h
VEN,2024,44,83,h
VNM,2012,41,7,h
VNM,2012,42,9,h
VNM,2012,43,9,h
VNM,2012,44,4,h
VNM,2013,41,24,h
VNM,2013,42,1,h
VNM,2013,44,18,h
VNM,2014,41,7,h
VNM,2014,42,7,h
VNM,2014,43,4,h
VNM,2014,44,8,h
VNM,2015,41,3,h
VNM,2015,42,10,h
VNM,2015,43,10,h
VNM,2015,44,11,h
VNM,2016,40,1,h
VNM,2016,41,1,h
VNM,2016,42,14,h
VNM,2017,40,5,h
VNM,2017,43,3,h
VNM,2018,41,13,h
VNM,2018,42,4,h
VNM,2018,43,4,h
VNM,2018,44,25,h
VNM,2019,41,14,h
VNM,2019,42,1,h
VNM,2019,43,32,h
VNM,2019,44,3,h
VNM,2020,41,6,h
VNM,2020,43,2,h
VNM,2021,42,1,h
VNM,2022,40,3,h
VNM,2022,41,14,h
VNM,2022,43,1,h
VNM,2023,40,4,h
VNM,2023,42,5,h
VNM,2023,43,3,h
VNM,2024,41,5,h
VNM,2024,43,6,h
VNM,2024,44,8,h
VUT,2013,41,3,h
VUT,2014,42,4,h
VUT,2015,41,3,h
VUT,2015,42,1,h
VUT,2015,44,1,h
VUT,2016,40,1,h
VUT,2016,42,1,h
VUT,2017,40,7,h
VUT,2017,41,4,h
VUT,2017,42,13,h
VUT,2018,41,1,h
VUT,2018,43,1,h
VUT,2018,44,1,h
VUT,2019,41,1,h
XCA,2012,41,1,h
XCA,2012,42,2,h
XCA,2012,43,2,h
XCA,2012,44,4,h
XCA,2013,41,7,h
XCA,2013,42,6,h
XCA,2013,43,5,h
XCA,2015,42,19,h
XCA,2015,43,5,h
XCA,2015,44,3,h
XCA,2016,40,4,h
XCA,2016,41,4,h
XCA,2016,42,2,h
XCA,2017,40,3,h
XCA,2018,43,1,h
XCA,2018,44,3,h
XCA,2019,41,7,h
XCA,2019,43,41,h
XCA,2019,44,29,h
XCA,2020,41,3,h
XCA,2020,44,1,h
XCA,2021,40,23,h
XCA,2021,41,22,h
XCA,2021,42,24,h
XCA,2021,43,16,h
XCA,2023,40,15,h
XCA,2023,42,3,h
XCA,2023,43,6,h
XCA,2024,41,16,h
XCA,2024,42,2,h
XCA,2024,44,3,h
XKO,2012,41,3,h
XKO,2017,40,2,h
XKO,2017,41,1,h
XKO,2018,41,3,h
XKO,2018,42,3,h
XKO,2019,41,1,h
XKO,2019,43,5,h
XKO,2019,44,5,h
XKO,2023,43,2,h
XNC,2012,42,1,h
XNC,2020,42,1,h
XNC,2022,40,1,h
XNC,2024,43,1,h
YEM,2012,41,9,h
YEM,2012,42,2,h
YEM,2012,43,7,h
YEM,2012,44,6,h
YEM,2013,41,1,h
YEM,2013,43,5,h
YEM,2013,44,3,h
YEM,2014,41,1,h
YEM,2014,42,6,h
YEM,2014,43,5,h
YEM,2014,44,3,h
YEM,2015,41,2,h
YEM,2015,42,4,h
YEM,2015,43,3,h
YEM,2016,42,1,h
YEM,2017,42,1,h
YEM,2019,42,1,h
YEM,2019,44,1,h
YEM,2020,41,1,h
YEM,2020,42,2,h
YEM,2020,43,3,h
YEM,2021,40,1,h
YEM,2021,41,6,h
YEM,2021,42,1,h
YEM,2021,43,1,h
YEM,2022,43,1,h
YEM,2023,41,1,h
YEM,2023,43,1,h
ZAF,2012,41,406,h
ZAF,2012,42,84,h
ZAF,2012,43,143,h
ZAF,2012,44,95,h
ZAF,2013,41,732,h
ZAF,2013,42,263,h
ZAF,2013,43,127,h
ZAF,2013,44,165,h
ZAF,2014,41,1023,h
ZAF,2014,42,166,h
ZAF,2014,43,451,h
ZAF,2014,44,194,h
ZAF,2015,41,849,h
ZAF,2015,42,101,h
ZAF,2015,43,125,h
ZAF,2015,44,152,h
ZAF,2016,40,305,h
ZAF,2016,41,88,h
ZAF,2016,42,57,h
ZAF,2016,43,138,h
ZAF,2017,40,228,h
ZAF,2017,41,488,h
ZAF,2017,42,245,h
ZAF,2017,43,106,h
ZAF,2018,41,217,h
ZAF,2018,42,184,h
ZAF,2018,43,653,h
ZAF,2018,44,682,h
ZAF,2019,41,266,h
ZAF,2019,42,429,h
ZAF,2019,43,585,h
ZAF,2019,44,133,h
ZAF,2020,41,359,h
ZAF,2020,42,439,h
ZAF,2020,43,342,h
ZAF,2020,44,303,h
ZAF,2021,40,378,h
ZAF,2021,41,913,h
ZAF,2021,42,319,h
ZAF,2021,43,61,h
ZAF,2022,40,984,h
ZAF,2022,41,664,h
ZAF,2022,42,50,h
ZAF,2022,43,62,h
ZAF,2023,40,881,h
ZAF,2023,41,203,h
ZAF,2023,42,340,h
ZAF,2023,43,971,h
ZAF,2024,41,452,h
ZAF,2024,42,279,h
ZAF,2024,43,401,h
ZAF,2024,44,207,h
ZMB,2012,41,1736,h
ZMB,2012,42,793,h
ZMB,2012,43,798,h
ZMB,2012,44,188,h
ZMB,2013,41,1509,h
ZMB,2013,42,2127,h
ZMB,2013,43,921,h
ZMB,2013,44,383,h
ZMB,2014,41,1894,h
ZMB,2014,42,1956,h
ZMB,2014,43,1818,h
ZMB,2014,44,566,h
ZMB,2015,41,2722,h
ZMB,2015,42,1582,h
ZMB,2015,43,945,h
ZMB,2015,44,929,h
ZMB,2016,40,2131,h
ZMB,2016,41,2949,h
ZMB,2016,42,2700,h
ZMB,2016,43,878,h
ZMB,2017,40,1231,h
ZMB,2017,41,1410,h
ZMB,2017,42,5152,h
ZMB,2017,43,660,h
ZMB,2018,41,1740,h
ZMB,2018,42,515,h
ZMB,2018,43,868,h
ZMB,2018,44,1021,h
ZMB,2019,41,759,h
ZMB,2019,42,1133,h
ZMB,2019,43,1275,h
ZMB,2019,44,1019,h
ZMB,2020,41,1194,h
ZMB,2020,42,1007,h
ZMB,2020,43,2088,h
ZMB,2020,44,535,h
ZMB,2021,40,1328,h
ZMB,2021,41,1649,h
ZMB,2021,42,648,h
ZMB,2021,43,742,h
ZMB,2022,40,6331,h
ZMB,2022,41,3160,h
ZMB,2022,42,1193,h
ZMB,2022,43,654,h
ZMB,2023,40,2743,h
ZMB,2023,41,1295,h
ZMB,2023,42,317,h
ZMB,2023,43,854,h
ZMB,2024,41,1583,h
ZMB,2024,42,872,h
ZMB,2024,43,795,h
ZMB,2024,44,143,h
ZWE,2012,41,444,h
ZWE,2012,42,255,h
ZWE,2012,43,166,h
ZWE,2012,44,288,h
ZWE,2013,41,468,h
ZWE,2013,42,376,h
ZWE,2013,43,267,h
ZWE,2013,44,132,h
ZWE,2014,41,625,h
ZWE,2014,42,915,h
ZWE,2014,43,525,h
ZWE,2014,44,470,h
ZWE,2015,41,2149,h
ZWE,2015,42,352,h
ZWE,2015,43,424,h
ZWE,2015,44,438,h
ZWE,2016,40,1144,h
ZWE,2016,41,640,h
ZWE,2016,42,380,h
ZWE,2016,43,395,h
ZWE,2017,40,235,h
ZWE,2017,41,667,h
ZWE,2017,42,1365,h
ZWE,2017,43,247,h
ZWE,2018,41,841,h
ZWE,2018,42,192,h
ZWE,2018,43,296,h
ZWE,2018,44,767,h
ZWE,2019,41,150,h
ZWE,2019,42,577,h
ZWE,2019,43,877,h
ZWE,2019,44,317,h
ZWE,2020,41,21,h
ZWE,2020,42,249,h
ZWE,2020,43,506,h
ZWE,2020,44,238,h
ZWE,2021,40,355,h
ZWE,2021,41,906,h
ZWE,2021,42,162,h
ZWE,2021,43,132,h
ZWE,2022,40,2850,h
ZWE,2022,41,1707,h
ZWE,2022,42,200,h
ZWE,2022,43,166,h
ZWE,2023,40,690,h
ZWE,2023,41,687,h
ZWE,2023,42,65,h
ZWE,2023,43,197,h
ZWE,2024,41,490,h
ZWE,2024,42,358,h
ZWE,2024,43,85,h
ZWE,2024,44,33,h
